airlines_name,source_name,destination_name,departure_time,arrival_time,duration,stoppage,travel_date,price_flight
SpiceJet,VNS,DEL,19:20,21:10,1:50:00,Non Stop,23/11/2021,5430
SpiceJet,VNS,DEL,19:20,21:10,1:50:00,Non Stop,23/11/2021,5430
GO FIRST,VNS,DEL,7:10,8:30,1:20:00,Non Stop,23/11/2021,5432
GO FIRST,VNS,DEL,17:00,18:25,1:25:00,Non Stop,23/11/2021,5432
GO FIRST,VNS,DEL,7:10,8:30,1:20:00,Non Stop,23/11/2021,5432
GO FIRST,VNS,DEL,17:00,18:25,1:25:00,Non Stop,23/11/2021,5432
GO FIRST,VNS,DEL,7:10,8:30,1:20:00,Non Stop,23/11/2021,5432
GO FIRST,VNS,DEL,17:00,18:25,1:25:00,Non Stop,23/11/2021,5432
GO FIRST,VNS,DEL,7:10,8:30,1:20:00,Non Stop,23/11/2021,5432
GO FIRST,VNS,DEL,17:00,18:25,1:25:00,Non Stop,23/11/2021,5432
SpiceJet,VNS,DEL,19:20,21:10,1:50:00,Non Stop,23/11/2021,5432
Indigo,VNS,DEL,19:50,21:20,1:30:00,Non Stop,23/11/2021,5433
Indigo,VNS,DEL,22:05,23:40,1:35:00,Non Stop,23/11/2021,5433
GO FIRST,VNS,DEL,17:00,18:25,1:25:00,Non Stop,23/11/2021,5586
GO FIRST,VNS,DEL,7:10,8:30,1:20:00,Non Stop,23/11/2021,5586
Indigo,VNS,DEL,19:50,21:20,1:30:00,Non Stop,23/11/2021,5591
Indigo,VNS,DEL,22:05,23:40,1:35:00,Non Stop,23/11/2021,5591
GO FIRST,VNS,DEL,17:00,18:25,1:25:00,Non Stop,23/11/2021,5636
GO FIRST,VNS,DEL,7:10,8:30,1:20:00,Non Stop,23/11/2021,5636
SpiceJet,VNS,DEL,19:20,21:10,1:50:00,Non Stop,23/11/2021,5770
Indigo,VNS,DEL,17:25,18:55,1:30:00,Non Stop,23/11/2021,5853
Indigo,VNS,DEL,17:25,18:55,1:30:00,Non Stop,23/11/2021,6011
Indigo,VNS,DEL,7:00,8:35,1:35:00,Non Stop,23/11/2021,6011
Indigo,VNS,DEL,7:00,8:35,1:35:00,Non Stop,23/11/2021,6168
Vistara,VNS,DEL,15:20,16:50,1:30:00,Non Stop,23/11/2021,6851
GO FIRST,VNS,BLR,11:10,13:30,12:40:00,1 Stops,23/11/2021,13173
GO FIRST,VNS,BLR,11:10,13:30,10:40:00,2 Stops,23/11/2021,13173
GO FIRST,VNS,BLR,11:10,13:30,9:10:00,2 Stops,23/11/2021,13173
GO FIRST,VNS,BLR,11:10,13:30,9:10:00,2 Stops,23/11/2021,13173
GO FIRST,VNS,BLR,11:10,13:30,10:40:00,2 Stops,23/11/2021,13173
GO FIRST,VNS,BLR,11:10,13:30,12:40:00,1 Stops,23/11/2021,13173
SpiceJet,VNS,DEL,8:50,10:40,1:50:00,Non Stop,23/11/2021,13412
SpiceJet,VNS,DEL,8:50,10:40,1:50:00,Non Stop,23/11/2021,13412
GO FIRST,VNS,BLR,11:10,13:30,12:40:00,1 Stops,23/11/2021,14673
GO FIRST,VNS,BLR,11:10,13:30,12:40:00,1 Stops,23/11/2021,14673
GO FIRST,VNS,BLR,11:10,13:30,12:40:00,1 Stops,23/11/2021,15134
GO FIRST,VNS,BLR,11:10,13:30,12:40:00,1 Stops,23/11/2021,15184
SpiceJet,VNS,DEL,8:50,10:40,1:50:00,Non Stop,23/11/2021,15927
SpiceJet,VNS,DEL,8:50,10:40,1:50:00,Non Stop,23/11/2021,16633
Vistara,VNS,BOM,16:10,18:20,1.03:30:00,1 Stops,23/11/2021,17403
Vistara,VNS,BOM,16:10,18:20,1.01:55:00,1 Stops,23/11/2021,17403
Vistara,VNS,BOM,16:10,18:20,1.00:45:00,1 Stops,23/11/2021,17403
Vistara,VNS,BOM,16:10,18:20,22:20:00,1 Stops,23/11/2021,17403
Vistara,VNS,BOM,16:10,18:20,15:55:00,1 Stops,23/11/2021,17403
Vistara,VNS,BOM,16:10,18:20,20:30:00,1 Stops,23/11/2021,17403
Vistara,VNS,BOM,16:10,18:20,16:25:00,1 Stops,23/11/2021,17403
Vistara,VNS,BOM,16:10,18:20,8:45:00,1 Stops,23/11/2021,17403
Vistara,VNS,BOM,16:10,18:20,8:00:00,1 Stops,23/11/2021,17403
Vistara,VNS,BOM,16:10,18:20,6:50:00,1 Stops,23/11/2021,17403
Vistara,VNS,BOM,16:10,18:20,21:55:00,1 Stops,23/11/2021,17403
Vistara,VNS,BOM,16:10,18:20,5:45:00,1 Stops,23/11/2021,18453
Vistara,VNS,BOM,16:10,18:20,17:30:00,1 Stops,23/11/2021,18978
GO FIRST,VNS,DEL,7:10,8:30,1:20:00,Non Stop,23/12/2021,2192
GO FIRST,VNS,DEL,7:10,8:30,1:20:00,Non Stop,23/12/2021,2192
Indigo,VNS,DEL,19:50,21:20,1:30:00,Non Stop,23/12/2021,2192
Indigo,VNS,DEL,7:00,8:35,1:35:00,Non Stop,23/12/2021,2192
GO FIRST,VNS,DEL,7:10,8:30,1:20:00,Non Stop,23/12/2021,2195
GO FIRST,VNS,DEL,7:10,8:30,1:20:00,Non Stop,23/12/2021,2195
SpiceJet,VNS,DEL,8:50,10:40,1:50:00,Non Stop,23/12/2021,2196
SpiceJet,VNS,DEL,19:20,21:10,1:50:00,Non Stop,23/12/2021,2196
SpiceJet,VNS,DEL,19:20,21:10,1:50:00,Non Stop,23/12/2021,2196
SpiceJet,VNS,DEL,8:50,10:40,1:50:00,Non Stop,23/12/2021,2196
GO FIRST,VNS,DEL,7:10,8:30,1:20:00,Non Stop,23/12/2021,2240
Indigo,VNS,DEL,17:25,18:50,1:25:00,Non Stop,23/12/2021,2300
Indigo,VNS,DEL,19:50,21:20,1:30:00,Non Stop,23/12/2021,2349
Indigo,VNS,DEL,7:00,8:35,1:35:00,Non Stop,23/12/2021,2349
Vistara,VNS,DEL,15:20,16:50,1:30:00,Non Stop,23/12/2021,2420
Indigo,VNS,DEL,17:25,18:50,1:25:00,Non Stop,23/12/2021,2457
Indigo,VNS,DEL,12:30,14:00,1:30:00,Non Stop,23/12/2021,2508
GO FIRST,VNS,DEL,17:00,18:25,1:25:00,Non Stop,23/12/2021,2626
GO FIRST,VNS,DEL,17:00,18:25,1:25:00,Non Stop,23/12/2021,2626
GO FIRST,VNS,DEL,17:00,18:25,1:25:00,Non Stop,23/12/2021,2626
GO FIRST,VNS,DEL,17:00,18:25,1:25:00,Non Stop,23/12/2021,2626
Indigo,VNS,DEL,12:30,14:00,1:30:00,Non Stop,23/12/2021,2665
GO FIRST,VNS,DEL,17:00,18:25,1:25:00,Non Stop,23/12/2021,2685
GO FIRST,VNS,DEL,17:00,18:25,1:25:00,Non Stop,23/12/2021,2735
GO FIRST,VNS,DEL,7:10,8:30,1:20:00,Non Stop,23/12/2021,2735
SpiceJet,VNS,DEL,19:20,21:10,1:50:00,Non Stop,23/12/2021,2744
SpiceJet,VNS,DEL,8:50,10:40,1:50:00,Non Stop,23/12/2021,2744
Air India,VNS,DEL,12:10,13:45,1:35:00,Non Stop,23/12/2021,2934
SpiceJet,VNS,DEL,8:50,10:40,1:50:00,Non Stop,23/12/2021,2989
SpiceJet,VNS,DEL,19:20,21:10,1:50:00,Non Stop,23/12/2021,2989
Vistara,VNS,BOM,16:10,18:20,8:00:00,1 Stops,23/12/2021,6818
Vistara,VNS,BOM,16:10,18:20,8:45:00,1 Stops,23/12/2021,6818
Air India,VNS,BOM,13:20,15:40,10:10:00,1 Stops,23/12/2021,6947
Air India,VNS,BOM,13:20,15:40,1.06:00:00,1 Stops,23/12/2021,6947
GO FIRST,VNS,AMD,13:10,15:10,10:20:00,1 Stops,23/12/2021,7174
GO FIRST,VNS,AMD,13:10,15:10,6:05:00,1 Stops,23/12/2021,7174
GO FIRST,VNS,AMD,13:10,15:10,10:20:00,1 Stops,23/12/2021,7174
GO FIRST,VNS,AMD,13:10,15:10,6:05:00,1 Stops,23/12/2021,7174
GO FIRST,VNS,AMD,13:10,15:10,10:20:00,1 Stops,23/12/2021,7174
GO FIRST,VNS,AMD,13:10,15:10,10:20:00,1 Stops,23/12/2021,7174
GO FIRST,VNS,AMD,13:10,15:10,6:05:00,1 Stops,23/12/2021,7174
GO FIRST,VNS,AMD,13:10,15:10,6:05:00,1 Stops,23/12/2021,7174
Vistara,VNS,BOM,16:10,18:20,21:55:00,1 Stops,23/12/2021,7369
Vistara,VNS,BOM,16:10,18:20,6:50:00,1 Stops,23/12/2021,7369
Vistara,VNS,BOM,16:10,18:20,1.03:30:00,1 Stops,23/12/2021,7369
GO FIRST,VNS,AMD,13:10,15:10,10:20:00,1 Stops,23/12/2021,7385
GO FIRST,VNS,AMD,13:10,15:10,6:05:00,1 Stops,23/12/2021,7385
GO FIRST,VNS,AMD,13:10,15:10,10:20:00,1 Stops,23/12/2021,7435
GO FIRST,VNS,AMD,13:10,15:10,6:05:00,1 Stops,23/12/2021,7435
Air India,VNS,BOM,13:20,15:40,7:10:00,1 Stops,23/12/2021,7472
Vistara,VNS,BOM,16:10,18:20,15:55:00,1 Stops,23/12/2021,7553
GO FIRST,VNS,BLR,11:10,13:30,12:40:00,1 Stops,23/12/2021,7739
GO FIRST,VNS,BLR,11:10,13:30,12:40:00,1 Stops,23/12/2021,7739
GO FIRST,VNS,BOM,13:50,16:15,12:10:00,1 Stops,23/12/2021,7741
GO FIRST,VNS,BOM,13:50,16:15,9:40:00,1 Stops,23/12/2021,7741
GO FIRST,VNS,BOM,13:50,16:15,12:10:00,1 Stops,23/12/2021,7741
GO FIRST,VNS,BOM,13:50,16:15,11:00:00,1 Stops,23/12/2021,7741
GO FIRST,VNS,BOM,13:50,16:15,9:40:00,1 Stops,23/12/2021,7741
GO FIRST,VNS,BOM,13:50,16:15,11:00:00,1 Stops,23/12/2021,7741
GO FIRST,VNS,BOM,13:50,16:15,11:00:00,1 Stops,23/12/2021,7741
GO FIRST,VNS,BOM,13:50,16:15,9:40:00,1 Stops,23/12/2021,7741
GO FIRST,VNS,BOM,13:50,16:15,12:10:00,1 Stops,23/12/2021,7741
GO FIRST,VNS,BOM,13:50,16:15,11:00:00,1 Stops,23/12/2021,7741
GO FIRST,VNS,BOM,13:50,16:15,9:40:00,1 Stops,23/12/2021,7741
GO FIRST,VNS,BOM,13:50,16:15,12:10:00,1 Stops,23/12/2021,7741
GO FIRST,VNS,BLR,11:10,13:30,12:40:00,1 Stops,23/12/2021,7761
GO FIRST,VNS,BLR,11:10,13:30,12:40:00,1 Stops,23/12/2021,7761
Air India,VNS,BOM,13:20,15:40,7:55:00,1 Stops,23/12/2021,7892
Air India,VNS,BOM,13:20,15:40,19:35:00,1 Stops,23/12/2021,7892
Air India,VNS,BOM,13:20,15:40,20:55:00,1 Stops,23/12/2021,7892
Vistara,VNS,BOM,16:10,18:20,17:30:00,1 Stops,23/12/2021,7894
GO FIRST,VNS,BLR,11:10,13:30,12:40:00,1 Stops,23/12/2021,7968
GO FIRST,VNS,BOM,13:50,16:15,12:10:00,1 Stops,23/12/2021,7970
GO FIRST,VNS,BOM,13:50,16:15,11:00:00,1 Stops,23/12/2021,7970
GO FIRST,VNS,BOM,13:50,16:15,9:40:00,1 Stops,23/12/2021,7970
GO FIRST,VNS,BOM,13:50,16:15,12:10:00,1 Stops,23/12/2021,8020
GO FIRST,VNS,BOM,13:50,16:15,11:00:00,1 Stops,23/12/2021,8020
GO FIRST,VNS,BOM,13:50,16:15,9:40:00,1 Stops,23/12/2021,8020
GO FIRST,VNS,BLR,11:10,13:30,12:40:00,1 Stops,23/12/2021,8043
Vistara,VNS,BOM,16:10,18:20,1.01:55:00,1 Stops,23/12/2021,8104
Vistara,VNS,BOM,16:10,18:20,16:25:00,1 Stops,23/12/2021,8104
Air India,VNS,BOM,13:20,15:40,22:55:00,1 Stops,23/12/2021,8312
Vistara,VNS,BOM,16:10,18:20,5:45:00,1 Stops,23/12/2021,8629
Vistara,VNS,BOM,16:10,18:20,18:50:00,1 Stops,23/12/2021,8629
Air India,VNS,BOM,13:20,15:40,21:50:00,1 Stops,23/12/2021,9782
Air India,VNS,BOM,13:20,15:40,9:45:00,2 Stops,23/12/2021,10993
Air India,VNS,BOM,13:20,15:40,1.07:05:00,2 Stops,23/12/2021,10993
Air India,VNS,BOM,13:20,15:40,14:20:00,2 Stops,23/12/2021,14399
Air India,VNS,BOM,13:20,15:40,14:20:00,2 Stops,23/12/2021,16131
Air India,VNS,BOM,13:20,15:40,10:45:00,2 Stops,23/12/2021,20632
SpiceJet,VNS,DEL,8:50,10:40,1:50:00,Non Stop,24/11/2021,5430
SpiceJet,VNS,DEL,19:20,21:10,1:50:00,Non Stop,24/11/2021,5430
SpiceJet,VNS,DEL,19:20,21:10,1:50:00,Non Stop,24/11/2021,5430
SpiceJet,VNS,DEL,8:50,10:40,1:50:00,Non Stop,24/11/2021,5430
GO FIRST,VNS,DEL,7:10,8:30,1:20:00,Non Stop,24/11/2021,5432
GO FIRST,VNS,DEL,17:00,18:25,1:25:00,Non Stop,24/11/2021,5432
GO FIRST,VNS,DEL,7:10,8:30,1:20:00,Non Stop,24/11/2021,5432
GO FIRST,VNS,DEL,17:00,18:25,1:25:00,Non Stop,24/11/2021,5432
GO FIRST,VNS,DEL,7:10,8:30,1:20:00,Non Stop,24/11/2021,5432
GO FIRST,VNS,DEL,17:00,18:25,1:25:00,Non Stop,24/11/2021,5432
GO FIRST,VNS,DEL,7:10,8:30,1:20:00,Non Stop,24/11/2021,5432
GO FIRST,VNS,DEL,17:00,18:25,1:25:00,Non Stop,24/11/2021,5432
SpiceJet,VNS,DEL,19:20,21:10,1:50:00,Non Stop,24/11/2021,5432
Indigo,VNS,DEL,17:25,18:55,1:30:00,Non Stop,24/11/2021,5433
Indigo,VNS,DEL,19:50,21:20,1:30:00,Non Stop,24/11/2021,5433
Indigo,VNS,DEL,7:00,8:35,1:35:00,Non Stop,24/11/2021,5433
Indigo,VNS,DEL,22:05,23:40,1:35:00,Non Stop,24/11/2021,5433
Vistara,VNS,DEL,15:20,16:50,1:30:00,Non Stop,24/11/2021,5434
GO FIRST,VNS,DEL,7:10,8:30,1:20:00,Non Stop,24/11/2021,5586
GO FIRST,VNS,DEL,17:00,18:25,1:25:00,Non Stop,24/11/2021,5586
Indigo,VNS,DEL,19:50,21:20,1:30:00,Non Stop,24/11/2021,5591
Indigo,VNS,DEL,22:05,23:40,1:35:00,Non Stop,24/11/2021,5591
Indigo,VNS,DEL,7:00,8:35,1:35:00,Non Stop,24/11/2021,5591
Indigo,VNS,DEL,17:25,18:55,1:30:00,Non Stop,24/11/2021,5591
GO FIRST,VNS,DEL,7:10,8:30,1:20:00,Non Stop,24/11/2021,5636
GO FIRST,VNS,DEL,17:00,18:25,1:25:00,Non Stop,24/11/2021,5636
SpiceJet,VNS,DEL,19:20,21:10,1:50:00,Non Stop,24/11/2021,5770
SpiceJet,VNS,DEL,8:50,10:40,1:50:00,Non Stop,24/11/2021,6260
SpiceJet,VNS,DEL,8:50,10:40,1:50:00,Non Stop,24/11/2021,6628
Indigo,VNS,DEL,12:30,14:00,1:30:00,Non Stop,24/11/2021,7848
Indigo,VNS,DEL,12:30,14:00,1:30:00,Non Stop,24/11/2021,8006
GO FIRST,VNS,BOM,13:50,16:15,12:10:00,1 Stops,24/11/2021,11324
GO FIRST,VNS,BOM,13:50,16:15,9:40:00,1 Stops,24/11/2021,11324
GO FIRST,VNS,BOM,13:50,16:15,6:20:00,1 Stops,24/11/2021,11324
GO FIRST,VNS,BOM,13:50,16:15,11:00:00,1 Stops,24/11/2021,11324
GO FIRST,VNS,BOM,13:50,16:15,11:00:00,1 Stops,24/11/2021,11324
GO FIRST,VNS,BOM,13:50,16:15,9:40:00,1 Stops,24/11/2021,11324
GO FIRST,VNS,BOM,13:50,16:15,6:20:00,1 Stops,24/11/2021,11324
GO FIRST,VNS,BOM,13:50,16:15,12:10:00,1 Stops,24/11/2021,11324
GO FIRST,VNS,BLR,11:10,13:30,9:10:00,2 Stops,24/11/2021,13173
GO FIRST,VNS,BLR,11:10,13:30,10:40:00,2 Stops,24/11/2021,13173
GO FIRST,VNS,BLR,11:10,13:30,12:40:00,1 Stops,24/11/2021,13173
GO FIRST,VNS,BLR,11:10,13:30,9:10:00,2 Stops,24/11/2021,13173
GO FIRST,VNS,BLR,11:10,13:30,10:40:00,2 Stops,24/11/2021,13173
GO FIRST,VNS,BLR,11:10,13:30,12:40:00,1 Stops,24/11/2021,13173
Vistara,VNS,BOM,16:10,18:20,21:55:00,1 Stops,24/11/2021,13938
Vistara,VNS,BOM,16:10,18:20,1.03:30:00,1 Stops,24/11/2021,13938
Vistara,VNS,BOM,16:10,18:20,1.01:55:00,1 Stops,24/11/2021,13938
Vistara,VNS,BOM,16:10,18:20,1.00:45:00,1 Stops,24/11/2021,13938
Vistara,VNS,BOM,16:10,18:20,22:20:00,1 Stops,24/11/2021,13938
Vistara,VNS,BOM,16:10,18:20,20:30:00,1 Stops,24/11/2021,13938
Vistara,VNS,BOM,16:10,18:20,16:25:00,1 Stops,24/11/2021,13938
Vistara,VNS,BOM,16:10,18:20,15:55:00,1 Stops,24/11/2021,13938
Vistara,VNS,BOM,16:10,18:20,8:45:00,1 Stops,24/11/2021,13938
Vistara,VNS,BOM,16:10,18:20,8:00:00,1 Stops,24/11/2021,13938
Vistara,VNS,BOM,16:10,18:20,6:50:00,1 Stops,24/11/2021,13938
Vistara,VNS,BOM,16:10,18:20,18:50:00,1 Stops,24/11/2021,13938
Vistara,VNS,BOM,16:10,18:20,17:30:00,1 Stops,24/11/2021,14043
Air India,VNS,BOM,13:20,15:40,7:55:00,1 Stops,24/11/2021,14673
Air India,VNS,BOM,13:20,15:40,7:10:00,1 Stops,24/11/2021,14673
Air India,VNS,BOM,13:20,15:40,10:10:00,1 Stops,24/11/2021,14673
Air India,VNS,BOM,13:20,15:40,19:35:00,1 Stops,24/11/2021,14673
Air India,VNS,BOM,13:20,15:40,20:55:00,1 Stops,24/11/2021,14673
Air India,VNS,BOM,13:20,15:40,22:55:00,1 Stops,24/11/2021,14673
Air India,VNS,BOM,13:20,15:40,21:50:00,1 Stops,24/11/2021,14673
Air India,VNS,BOM,13:20,15:40,1.06:00:00,1 Stops,24/11/2021,14673
GO FIRST,VNS,BLR,11:10,13:30,12:40:00,1 Stops,24/11/2021,14673
GO FIRST,VNS,BLR,11:10,13:30,12:40:00,1 Stops,24/11/2021,14673
GO FIRST,VNS,BOM,13:50,16:15,12:10:00,1 Stops,24/11/2021,15114
GO FIRST,VNS,BOM,13:50,16:15,9:40:00,1 Stops,24/11/2021,15114
GO FIRST,VNS,BOM,13:50,16:15,6:20:00,1 Stops,24/11/2021,15114
GO FIRST,VNS,BOM,13:50,16:15,11:00:00,1 Stops,24/11/2021,15114
GO FIRST,VNS,BOM,13:50,16:15,11:00:00,1 Stops,24/11/2021,15114
GO FIRST,VNS,BOM,13:50,16:15,9:40:00,1 Stops,24/11/2021,15114
GO FIRST,VNS,BOM,13:50,16:15,6:20:00,1 Stops,24/11/2021,15114
GO FIRST,VNS,BOM,13:50,16:15,12:10:00,1 Stops,24/11/2021,15114
GO FIRST,VNS,BLR,11:10,13:30,12:40:00,1 Stops,24/11/2021,15134
GO FIRST,VNS,BLR,11:10,13:30,12:40:00,1 Stops,24/11/2021,15184
Vistara,VNS,BOM,16:10,18:20,5:45:00,1 Stops,24/11/2021,15513
GO FIRST,VNS,BOM,13:50,16:15,11:00:00,1 Stops,24/11/2021,15589
GO FIRST,VNS,BOM,13:50,16:15,9:40:00,1 Stops,24/11/2021,15589
GO FIRST,VNS,BOM,13:50,16:15,6:20:00,1 Stops,24/11/2021,15589
GO FIRST,VNS,BOM,13:50,16:15,12:10:00,1 Stops,24/11/2021,15589
GO FIRST,VNS,BOM,13:50,16:15,12:10:00,1 Stops,24/11/2021,15639
GO FIRST,VNS,BOM,13:50,16:15,11:00:00,1 Stops,24/11/2021,15639
GO FIRST,VNS,BOM,13:50,16:15,6:20:00,1 Stops,24/11/2021,15639
GO FIRST,VNS,BOM,13:50,16:15,9:40:00,1 Stops,24/11/2021,15639
Air India,VNS,BOM,13:20,15:40,1.09:40:00,2 Stops,24/11/2021,15674
Air India,VNS,BOM,13:20,15:40,1.09:40:00,2 Stops,24/11/2021,15674
Air India,VNS,BOM,13:20,15:40,10:05:00,2 Stops,24/11/2021,17026
Air India,VNS,BOM,13:20,15:40,19:25:00,2 Stops,24/11/2021,18509
Air India,VNS,BOM,13:20,15:40,10:35:00,2 Stops,24/11/2021,20147
Air India,VNS,BOM,13:20,15:40,1.09:50:00,2 Stops,24/11/2021,21708
Air India,VNS,BOM,13:20,15:40,1.09:50:00,2 Stops,24/11/2021,22226
Air India,VNS,BOM,13:20,15:40,1.00:30:00,2 Stops,24/11/2021,22289
Air India,VNS,BOM,13:20,15:40,1.00:30:00,2 Stops,24/11/2021,22289
Air India,VNS,BOM,13:20,15:40,1.05:10:00,2 Stops,24/11/2021,23864
Air India,VNS,BOM,13:20,15:40,1.05:10:00,2 Stops,24/11/2021,23864
Air India,VNS,BOM,13:20,15:40,11:10:00,2 Stops,24/11/2021,24963
Air India,VNS,BOM,13:20,15:40,23:40:00,2 Stops,24/11/2021,32313
GO FIRST,VNS,DEL,7:10,8:30,1:20:00,Non Stop,24/12/2021,2192
GO FIRST,VNS,DEL,7:10,8:30,1:20:00,Non Stop,24/12/2021,2192
Indigo,VNS,DEL,19:50,21:20,1:30:00,Non Stop,24/12/2021,2192
Indigo,VNS,DEL,7:00,8:35,1:35:00,Non Stop,24/12/2021,2192
GO FIRST,VNS,DEL,7:10,8:30,1:20:00,Non Stop,24/12/2021,2195
GO FIRST,VNS,DEL,7:10,8:30,1:20:00,Non Stop,24/12/2021,2195
SpiceJet,VNS,DEL,8:50,10:40,1:50:00,Non Stop,24/12/2021,2196
SpiceJet,VNS,DEL,19:20,21:10,1:50:00,Non Stop,24/12/2021,2196
SpiceJet,VNS,DEL,19:20,21:10,1:50:00,Non Stop,24/12/2021,2196
SpiceJet,VNS,DEL,8:50,10:40,1:50:00,Non Stop,24/12/2021,2196
Vistara,VNS,DEL,15:20,16:50,1:30:00,Non Stop,24/12/2021,2221
GO FIRST,VNS,DEL,7:10,8:30,1:20:00,Non Stop,24/12/2021,2240
Indigo,VNS,DEL,17:25,18:50,1:25:00,Non Stop,24/12/2021,2300
Indigo,VNS,DEL,19:50,21:20,1:30:00,Non Stop,24/12/2021,2349
Indigo,VNS,DEL,7:00,8:35,1:35:00,Non Stop,24/12/2021,2349
Indigo,VNS,DEL,17:25,18:50,1:25:00,Non Stop,24/12/2021,2457
Indigo,VNS,DEL,12:30,14:00,1:30:00,Non Stop,24/12/2021,2625
GO FIRST,VNS,DEL,17:00,18:25,1:25:00,Non Stop,24/12/2021,2626
GO FIRST,VNS,DEL,17:00,18:25,1:25:00,Non Stop,24/12/2021,2626
GO FIRST,VNS,DEL,17:00,18:25,1:25:00,Non Stop,24/12/2021,2626
GO FIRST,VNS,DEL,17:00,18:25,1:25:00,Non Stop,24/12/2021,2626
GO FIRST,VNS,DEL,17:00,18:25,1:25:00,Non Stop,24/12/2021,2685
GO FIRST,VNS,DEL,7:10,8:30,1:20:00,Non Stop,24/12/2021,2735
GO FIRST,VNS,DEL,17:00,18:25,1:25:00,Non Stop,24/12/2021,2735
SpiceJet,VNS,DEL,8:50,10:40,1:50:00,Non Stop,24/12/2021,2744
SpiceJet,VNS,DEL,19:20,21:10,1:50:00,Non Stop,24/12/2021,2744
Indigo,VNS,DEL,12:30,14:00,1:30:00,Non Stop,24/12/2021,2783
SpiceJet,VNS,DEL,8:50,10:40,1:50:00,Non Stop,24/12/2021,2989
SpiceJet,VNS,DEL,19:20,21:10,1:50:00,Non Stop,24/12/2021,2989
Air India,VNS,DEL,12:10,13:45,1:35:00,Non Stop,24/12/2021,3984
Vistara,VNS,BOM,16:10,18:20,8:00:00,1 Stops,24/12/2021,6168
Vistara,VNS,BOM,16:10,18:20,8:45:00,1 Stops,24/12/2021,6469
GO FIRST,VNS,AMD,13:10,15:10,6:05:00,1 Stops,24/12/2021,7174
GO FIRST,VNS,AMD,13:10,15:10,10:20:00,1 Stops,24/12/2021,7174
GO FIRST,VNS,AMD,13:10,15:10,6:05:00,1 Stops,24/12/2021,7174
GO FIRST,VNS,AMD,13:10,15:10,10:20:00,1 Stops,24/12/2021,7174
GO FIRST,VNS,AMD,13:10,15:10,6:05:00,1 Stops,24/12/2021,7174
GO FIRST,VNS,AMD,13:10,15:10,10:20:00,1 Stops,24/12/2021,7174
GO FIRST,VNS,AMD,13:10,15:10,6:05:00,1 Stops,24/12/2021,7174
GO FIRST,VNS,AMD,13:10,15:10,10:20:00,1 Stops,24/12/2021,7174
Air India,VNS,BOM,13:20,15:40,1.06:00:00,1 Stops,24/12/2021,7278
GO FIRST,VNS,AMD,13:10,15:10,6:05:00,1 Stops,24/12/2021,7385
GO FIRST,VNS,AMD,13:10,15:10,10:20:00,1 Stops,24/12/2021,7385
GO FIRST,VNS,AMD,13:10,15:10,6:05:00,1 Stops,24/12/2021,7435
GO FIRST,VNS,AMD,13:10,15:10,10:20:00,1 Stops,24/12/2021,7435
GO FIRST,VNS,BOM,13:50,16:15,12:10:00,1 Stops,24/12/2021,7741
GO FIRST,VNS,BOM,13:50,16:15,11:00:00,1 Stops,24/12/2021,7741
GO FIRST,VNS,BOM,13:50,16:15,9:40:00,1 Stops,24/12/2021,7741
GO FIRST,VNS,BOM,13:50,16:15,8:35:00,1 Stops,24/12/2021,7741
GO FIRST,VNS,BOM,13:50,16:15,12:10:00,1 Stops,24/12/2021,7741
GO FIRST,VNS,BOM,13:50,16:15,11:00:00,1 Stops,24/12/2021,7741
GO FIRST,VNS,BOM,13:50,16:15,12:10:00,1 Stops,24/12/2021,7741
GO FIRST,VNS,BOM,13:50,16:15,8:35:00,1 Stops,24/12/2021,7741
GO FIRST,VNS,BOM,13:50,16:15,12:10:00,1 Stops,24/12/2021,7741
GO FIRST,VNS,BOM,13:50,16:15,11:00:00,1 Stops,24/12/2021,7741
GO FIRST,VNS,BOM,13:50,16:15,9:40:00,1 Stops,24/12/2021,7741
GO FIRST,VNS,BOM,13:50,16:15,8:35:00,1 Stops,24/12/2021,7741
GO FIRST,VNS,BOM,13:50,16:15,11:00:00,1 Stops,24/12/2021,7741
GO FIRST,VNS,BOM,13:50,16:15,9:40:00,1 Stops,24/12/2021,7741
GO FIRST,VNS,BOM,13:50,16:15,8:35:00,1 Stops,24/12/2021,7741
GO FIRST,VNS,BOM,13:50,16:15,9:40:00,1 Stops,24/12/2021,7741
Vistara,VNS,BOM,16:10,18:20,20:30:00,1 Stops,24/12/2021,7754
Vistara,VNS,BOM,16:10,18:20,16:25:00,1 Stops,24/12/2021,7754
Vistara,VNS,BOM,16:10,18:20,6:50:00,1 Stops,24/12/2021,7754
Air India,VNS,BOM,13:20,15:40,10:10:00,1 Stops,24/12/2021,7803
GO FIRST,VNS,BOM,13:50,16:15,9:40:00,1 Stops,24/12/2021,7970
GO FIRST,VNS,BOM,13:50,16:15,12:10:00,1 Stops,24/12/2021,7970
GO FIRST,VNS,BOM,13:50,16:15,11:00:00,1 Stops,24/12/2021,7970
GO FIRST,VNS,BOM,13:50,16:15,8:35:00,1 Stops,24/12/2021,7970
GO FIRST,VNS,BOM,13:50,16:15,12:10:00,1 Stops,24/12/2021,8020
GO FIRST,VNS,BOM,13:50,16:15,11:00:00,1 Stops,24/12/2021,8020
GO FIRST,VNS,BOM,13:50,16:15,9:40:00,1 Stops,24/12/2021,8020
GO FIRST,VNS,BOM,13:50,16:15,8:35:00,1 Stops,24/12/2021,8020
Air India,VNS,BOM,13:20,15:40,7:10:00,1 Stops,24/12/2021,8223
Air India,VNS,BOM,13:20,15:40,7:55:00,1 Stops,24/12/2021,8223
Air India,VNS,BOM,13:20,15:40,19:35:00,1 Stops,24/12/2021,8223
GO FIRST,VNS,BLR,11:10,13:30,12:40:00,1 Stops,24/12/2021,8277
GO FIRST,VNS,BLR,11:10,13:30,12:40:00,1 Stops,24/12/2021,8277
GO FIRST,VNS,BLR,11:10,13:30,12:40:00,1 Stops,24/12/2021,8277
GO FIRST,VNS,BLR,11:10,13:30,12:40:00,1 Stops,24/12/2021,8277
Vistara,VNS,BOM,16:10,18:20,18:50:00,1 Stops,24/12/2021,8279
Vistara,VNS,BOM,16:10,18:20,17:30:00,1 Stops,24/12/2021,8279
GO FIRST,VNS,BLR,11:10,13:30,12:40:00,1 Stops,24/12/2021,8525
GO FIRST,VNS,BLR,11:10,13:30,12:40:00,1 Stops,24/12/2021,8575
Air India,VNS,BOM,13:20,15:40,20:55:00,1 Stops,24/12/2021,8643
Air India,VNS,BOM,13:20,15:40,10:05:00,2 Stops,24/12/2021,8962
Air India,VNS,BOM,13:20,15:40,22:55:00,1 Stops,24/12/2021,9378
Air India,VNS,BOM,13:20,15:40,1.07:05:00,2 Stops,24/12/2021,9434
Air India,VNS,BOM,13:20,15:40,1.05:10:00,2 Stops,24/12/2021,9969
Air India,VNS,BOM,13:20,15:40,19:25:00,2 Stops,24/12/2021,10284
Air India,VNS,BOM,13:20,15:40,1.05:10:00,2 Stops,24/12/2021,10284
Air India,VNS,BOM,13:20,15:40,1.00:30:00,2 Stops,24/12/2021,10389
Air India,VNS,BOM,13:20,15:40,1.00:30:00,2 Stops,24/12/2021,10704
Air India,VNS,BOM,13:20,15:40,21:50:00,1 Stops,24/12/2021,10848
Vistara,VNS,BOM,16:10,18:20,5:45:00,1 Stops,24/12/2021,11250
Air India,VNS,BOM,13:20,15:40,10:35:00,2 Stops,24/12/2021,11507
Air India,VNS,BOM,13:20,15:40,9:45:00,2 Stops,24/12/2021,11744
Air India,VNS,BOM,13:20,15:40,10:45:00,2 Stops,24/12/2021,21362
SpiceJet,VNS,DEL,8:50,10:40,1:50:00,Non Stop,25/11/2021,5430
SpiceJet,VNS,DEL,8:50,10:40,1:50:00,Non Stop,25/11/2021,5430
SpiceJet,VNS,DEL,19:20,21:10,1:50:00,Non Stop,25/11/2021,5430
SpiceJet,VNS,DEL,19:20,21:10,1:50:00,Non Stop,25/11/2021,5430
GO FIRST,VNS,DEL,17:00,18:25,1:25:00,Non Stop,25/11/2021,5432
GO FIRST,VNS,DEL,7:10,8:30,1:20:00,Non Stop,25/11/2021,5432
SpiceJet,VNS,DEL,8:50,10:40,1:50:00,Non Stop,25/11/2021,5432
GO FIRST,VNS,DEL,17:00,18:25,1:25:00,Non Stop,25/11/2021,5432
SpiceJet,VNS,DEL,19:20,21:10,1:50:00,Non Stop,25/11/2021,5432
GO FIRST,VNS,DEL,17:00,18:25,1:25:00,Non Stop,25/11/2021,5432
GO FIRST,VNS,DEL,7:10,8:30,1:20:00,Non Stop,25/11/2021,5432
GO FIRST,VNS,DEL,17:00,18:25,1:25:00,Non Stop,25/11/2021,5432
GO FIRST,VNS,DEL,7:10,8:30,1:20:00,Non Stop,25/11/2021,5432
GO FIRST,VNS,DEL,7:10,8:30,1:20:00,Non Stop,25/11/2021,5432
Indigo,VNS,DEL,7:00,8:35,1:35:00,Non Stop,25/11/2021,5433
Indigo,VNS,DEL,17:25,18:55,1:30:00,Non Stop,25/11/2021,5433
Indigo,VNS,DEL,19:50,21:20,1:30:00,Non Stop,25/11/2021,5433
Indigo,VNS,DEL,22:05,23:40,1:35:00,Non Stop,25/11/2021,5433
GO FIRST,VNS,DEL,7:10,8:30,1:20:00,Non Stop,25/11/2021,5586
GO FIRST,VNS,DEL,17:00,18:25,1:25:00,Non Stop,25/11/2021,5586
Indigo,VNS,DEL,22:05,23:40,1:35:00,Non Stop,25/11/2021,5591
Indigo,VNS,DEL,19:50,21:20,1:30:00,Non Stop,25/11/2021,5591
Indigo,VNS,DEL,7:00,8:35,1:35:00,Non Stop,25/11/2021,5591
Indigo,VNS,DEL,17:25,18:55,1:30:00,Non Stop,25/11/2021,5591
GO FIRST,VNS,DEL,7:10,8:30,1:20:00,Non Stop,25/11/2021,5636
GO FIRST,VNS,DEL,17:00,18:25,1:25:00,Non Stop,25/11/2021,5636
SpiceJet,VNS,DEL,8:50,10:40,1:50:00,Non Stop,25/11/2021,5770
SpiceJet,VNS,DEL,19:20,21:10,1:50:00,Non Stop,25/11/2021,5770
Indigo,VNS,DEL,12:30,14:00,1:30:00,Non Stop,25/11/2021,5853
Vistara,VNS,DEL,15:20,16:50,1:30:00,Non Stop,25/11/2021,5854
Indigo,VNS,DEL,12:30,14:00,1:30:00,Non Stop,25/11/2021,6011
Air India,VNS,DEL,12:10,13:45,1:35:00,Non Stop,25/11/2021,7953
GO FIRST,VNS,BOM,13:50,16:15,11:00:00,1 Stops,25/11/2021,11324
GO FIRST,VNS,BOM,13:50,16:15,9:40:00,1 Stops,25/11/2021,11324
GO FIRST,VNS,BOM,13:50,16:15,6:20:00,1 Stops,25/11/2021,11324
GO FIRST,VNS,BOM,13:50,16:15,9:40:00,1 Stops,25/11/2021,11324
GO FIRST,VNS,BOM,13:50,16:15,6:20:00,1 Stops,25/11/2021,11324
GO FIRST,VNS,BOM,13:50,16:15,11:00:00,1 Stops,25/11/2021,11324
GO FIRST,VNS,BOM,13:50,16:15,11:00:00,1 Stops,25/11/2021,11702
GO FIRST,VNS,BOM,13:50,16:15,12:10:00,1 Stops,25/11/2021,11702
GO FIRST,VNS,BOM,13:50,16:15,12:10:00,1 Stops,25/11/2021,11702
GO FIRST,VNS,BOM,13:50,16:15,9:40:00,1 Stops,25/11/2021,11702
GO FIRST,VNS,BOM,13:50,16:15,6:20:00,1 Stops,25/11/2021,11702
GO FIRST,VNS,BOM,13:50,16:15,11:00:00,1 Stops,25/11/2021,11702
GO FIRST,VNS,BOM,13:50,16:15,9:40:00,1 Stops,25/11/2021,11702
GO FIRST,VNS,BOM,13:50,16:15,6:20:00,1 Stops,25/11/2021,11702
GO FIRST,VNS,BOM,13:50,16:15,12:10:00,1 Stops,25/11/2021,11702
GO FIRST,VNS,BOM,13:50,16:15,12:10:00,1 Stops,25/11/2021,11702
GO FIRST,VNS,BOM,13:50,16:15,11:00:00,1 Stops,25/11/2021,12064
GO FIRST,VNS,BOM,13:50,16:15,9:40:00,1 Stops,25/11/2021,12064
GO FIRST,VNS,BOM,13:50,16:15,6:20:00,1 Stops,25/11/2021,12064
GO FIRST,VNS,BOM,13:50,16:15,12:10:00,1 Stops,25/11/2021,12064
GO FIRST,VNS,BOM,13:50,16:15,12:10:00,1 Stops,25/11/2021,12114
GO FIRST,VNS,BOM,13:50,16:15,11:00:00,1 Stops,25/11/2021,12114
GO FIRST,VNS,BOM,13:50,16:15,9:40:00,1 Stops,25/11/2021,12114
GO FIRST,VNS,BOM,13:50,16:15,6:20:00,1 Stops,25/11/2021,12114
Vistara,VNS,BOM,16:10,18:20,21:55:00,1 Stops,25/11/2021,12258
Vistara,VNS,BOM,16:10,18:20,18:50:00,1 Stops,25/11/2021,12258
Vistara,VNS,BOM,16:10,18:20,17:30:00,1 Stops,25/11/2021,12258
Vistara,VNS,BOM,16:10,18:20,16:25:00,1 Stops,25/11/2021,12258
Vistara,VNS,BOM,16:10,18:20,15:55:00,1 Stops,25/11/2021,12258
Vistara,VNS,BOM,16:10,18:20,8:45:00,1 Stops,25/11/2021,12258
Vistara,VNS,BOM,16:10,18:20,8:00:00,1 Stops,25/11/2021,12258
Vistara,VNS,BOM,16:10,18:20,6:50:00,1 Stops,25/11/2021,12258
Vistara,VNS,BOM,16:10,18:20,20:30:00,1 Stops,25/11/2021,12258
Vistara,VNS,BOM,16:10,18:20,5:45:00,1 Stops,25/11/2021,12993
GO FIRST,VNS,BLR,11:10,13:30,12:40:00,1 Stops,25/11/2021,13173
GO FIRST,VNS,BLR,11:10,13:30,9:10:00,2 Stops,25/11/2021,13173
GO FIRST,VNS,BLR,11:10,13:30,10:40:00,2 Stops,25/11/2021,13173
GO FIRST,VNS,BLR,11:10,13:30,10:40:00,2 Stops,25/11/2021,13173
GO FIRST,VNS,BLR,11:10,13:30,9:10:00,2 Stops,25/11/2021,13173
GO FIRST,VNS,BLR,11:10,13:30,12:40:00,1 Stops,25/11/2021,13173
Air India,VNS,BOM,13:20,15:40,7:10:00,1 Stops,25/11/2021,13938
Air India,VNS,BOM,13:20,15:40,7:55:00,1 Stops,25/11/2021,13938
Air India,VNS,BOM,13:20,15:40,10:10:00,1 Stops,25/11/2021,13938
Air India,VNS,BOM,13:20,15:40,19:35:00,1 Stops,25/11/2021,13938
Air India,VNS,BOM,13:20,15:40,20:55:00,1 Stops,25/11/2021,13938
Air India,VNS,BOM,13:20,15:40,22:55:00,1 Stops,25/11/2021,13938
Air India,VNS,BOM,13:20,15:40,21:50:00,1 Stops,25/11/2021,13938
GO FIRST,VNS,BLR,11:10,13:30,12:40:00,1 Stops,25/11/2021,14673
GO FIRST,VNS,BLR,11:10,13:30,12:40:00,1 Stops,25/11/2021,14673
GO FIRST,VNS,BLR,11:10,13:30,12:40:00,1 Stops,25/11/2021,15134
GO FIRST,VNS,BLR,11:10,13:30,12:40:00,1 Stops,25/11/2021,15184
Air India,VNS,BOM,13:20,15:40,19:55:00,2 Stops,25/11/2021,21393
Air India,VNS,BOM,13:20,15:40,9:45:00,2 Stops,25/11/2021,23073
Air India,VNS,BOM,13:20,15:40,14:20:00,2 Stops,25/11/2021,23861
Air India,VNS,BOM,13:20,15:40,23:35:00,2 Stops,25/11/2021,34728
GO FIRST,VNS,DEL,7:10,8:30,1:20:00,Non Stop,25/12/2021,2192
GO FIRST,VNS,DEL,7:10,8:30,1:20:00,Non Stop,25/12/2021,2192
Indigo,VNS,DEL,19:50,21:20,1:30:00,Non Stop,25/12/2021,2192
Indigo,VNS,DEL,7:00,8:35,1:35:00,Non Stop,25/12/2021,2192
GO FIRST,VNS,DEL,7:10,8:30,1:20:00,Non Stop,25/12/2021,2195
GO FIRST,VNS,DEL,7:10,8:30,1:20:00,Non Stop,25/12/2021,2195
SpiceJet,VNS,DEL,19:20,21:10,1:50:00,Non Stop,25/12/2021,2196
SpiceJet,VNS,DEL,8:50,10:40,1:50:00,Non Stop,25/12/2021,2196
SpiceJet,VNS,DEL,19:20,21:10,1:50:00,Non Stop,25/12/2021,2196
SpiceJet,VNS,DEL,8:50,10:40,1:50:00,Non Stop,25/12/2021,2196
Vistara,VNS,DEL,15:20,16:50,1:30:00,Non Stop,25/12/2021,2221
GO FIRST,VNS,DEL,7:10,8:30,1:20:00,Non Stop,25/12/2021,2240
Indigo,VNS,DEL,17:25,18:50,1:25:00,Non Stop,25/12/2021,2300
Indigo,VNS,DEL,7:00,8:35,1:35:00,Non Stop,25/12/2021,2349
Indigo,VNS,DEL,19:50,21:20,1:30:00,Non Stop,25/12/2021,2349
Indigo,VNS,DEL,17:25,18:50,1:25:00,Non Stop,25/12/2021,2457
Indigo,VNS,DEL,12:30,14:00,1:30:00,Non Stop,25/12/2021,2625
GO FIRST,VNS,DEL,17:00,18:25,1:25:00,Non Stop,25/12/2021,2626
GO FIRST,VNS,DEL,17:00,18:25,1:25:00,Non Stop,25/12/2021,2626
GO FIRST,VNS,DEL,17:00,18:25,1:25:00,Non Stop,25/12/2021,2626
GO FIRST,VNS,DEL,17:00,18:25,1:25:00,Non Stop,25/12/2021,2626
GO FIRST,VNS,DEL,17:00,18:25,1:25:00,Non Stop,25/12/2021,2685
GO FIRST,VNS,DEL,7:10,8:30,1:20:00,Non Stop,25/12/2021,2735
GO FIRST,VNS,DEL,17:00,18:25,1:25:00,Non Stop,25/12/2021,2735
SpiceJet,VNS,DEL,19:20,21:10,1:50:00,Non Stop,25/12/2021,2744
SpiceJet,VNS,DEL,8:50,10:40,1:50:00,Non Stop,25/12/2021,2744
Indigo,VNS,DEL,12:30,14:00,1:30:00,Non Stop,25/12/2021,2783
SpiceJet,VNS,DEL,8:50,10:40,1:50:00,Non Stop,25/12/2021,2989
SpiceJet,VNS,DEL,19:20,21:10,1:50:00,Non Stop,25/12/2021,2989
Air India,VNS,DEL,12:10,13:45,1:35:00,Non Stop,25/12/2021,4299
Vistara,VNS,BOM,16:10,18:20,8:00:00,1 Stops,25/12/2021,6319
Vistara,VNS,BOM,16:10,18:20,8:45:00,1 Stops,25/12/2021,6319
Vistara,VNS,BOM,16:10,18:20,6:50:00,1 Stops,25/12/2021,6844
Vistara,VNS,BOM,16:10,18:20,16:25:00,1 Stops,25/12/2021,6844
Vistara,VNS,BOM,16:10,18:20,1.01:55:00,1 Stops,25/12/2021,6844
Vistara,VNS,BOM,16:10,18:20,1.00:45:00,1 Stops,25/12/2021,7054
Vistara,VNS,BOM,16:10,18:20,20:30:00,1 Stops,25/12/2021,7054
Vistara,VNS,BOM,16:10,18:20,21:55:00,1 Stops,25/12/2021,7054
Air India,VNS,BOM,13:20,15:40,1.06:00:00,1 Stops,25/12/2021,7173
GO FIRST,VNS,AMD,13:10,15:10,10:20:00,1 Stops,25/12/2021,7174
GO FIRST,VNS,AMD,13:10,15:10,6:05:00,1 Stops,25/12/2021,7174
GO FIRST,VNS,AMD,13:10,15:10,10:20:00,1 Stops,25/12/2021,7174
GO FIRST,VNS,AMD,13:10,15:10,6:05:00,1 Stops,25/12/2021,7174
GO FIRST,VNS,AMD,13:10,15:10,10:20:00,1 Stops,25/12/2021,7174
GO FIRST,VNS,AMD,13:10,15:10,6:05:00,1 Stops,25/12/2021,7174
GO FIRST,VNS,AMD,13:10,15:10,10:20:00,1 Stops,25/12/2021,7174
GO FIRST,VNS,AMD,13:10,15:10,6:05:00,1 Stops,25/12/2021,7174
Vistara,VNS,BOM,16:10,18:20,18:50:00,1 Stops,25/12/2021,7369
Vistara,VNS,BOM,16:10,18:20,17:30:00,1 Stops,25/12/2021,7369
GO FIRST,VNS,AMD,13:10,15:10,10:20:00,1 Stops,25/12/2021,7385
GO FIRST,VNS,AMD,13:10,15:10,6:05:00,1 Stops,25/12/2021,7385
GO FIRST,VNS,AMD,13:10,15:10,10:20:00,1 Stops,25/12/2021,7435
GO FIRST,VNS,AMD,13:10,15:10,6:05:00,1 Stops,25/12/2021,7435
Vistara,VNS,BOM,16:10,18:20,1.03:30:00,1 Stops,25/12/2021,7579
Vistara,VNS,BOM,16:10,18:20,5:45:00,1 Stops,25/12/2021,7579
GO FIRST,VNS,BOM,13:50,16:15,9:40:00,1 Stops,25/12/2021,7741
GO FIRST,VNS,BOM,13:50,16:15,11:00:00,1 Stops,25/12/2021,7741
GO FIRST,VNS,BOM,13:50,16:15,9:40:00,1 Stops,25/12/2021,7741
GO FIRST,VNS,BOM,13:50,16:15,12:10:00,1 Stops,25/12/2021,7741
GO FIRST,VNS,BOM,13:50,16:15,12:10:00,1 Stops,25/12/2021,7741
GO FIRST,VNS,BOM,13:50,16:15,11:00:00,1 Stops,25/12/2021,7741
GO FIRST,VNS,BOM,13:50,16:15,8:35:00,1 Stops,25/12/2021,7741
GO FIRST,VNS,BOM,13:50,16:15,8:35:00,1 Stops,25/12/2021,7741
GO FIRST,VNS,BOM,13:50,16:15,11:00:00,1 Stops,25/12/2021,7741
GO FIRST,VNS,BOM,13:50,16:15,9:40:00,1 Stops,25/12/2021,7741
GO FIRST,VNS,BOM,13:50,16:15,8:35:00,1 Stops,25/12/2021,7741
GO FIRST,VNS,BOM,13:50,16:15,12:10:00,1 Stops,25/12/2021,7741
GO FIRST,VNS,BOM,13:50,16:15,11:00:00,1 Stops,25/12/2021,7741
GO FIRST,VNS,BOM,13:50,16:15,9:40:00,1 Stops,25/12/2021,7741
GO FIRST,VNS,BOM,13:50,16:15,8:35:00,1 Stops,25/12/2021,7741
GO FIRST,VNS,BOM,13:50,16:15,12:10:00,1 Stops,25/12/2021,7741
GO FIRST,VNS,BOM,13:50,16:15,8:35:00,1 Stops,25/12/2021,7970
GO FIRST,VNS,BOM,13:50,16:15,11:00:00,1 Stops,25/12/2021,7970
GO FIRST,VNS,BOM,13:50,16:15,9:40:00,1 Stops,25/12/2021,7970
GO FIRST,VNS,BOM,13:50,16:15,12:10:00,1 Stops,25/12/2021,7970
GO FIRST,VNS,BOM,13:50,16:15,12:10:00,1 Stops,25/12/2021,8020
GO FIRST,VNS,BOM,13:50,16:15,11:00:00,1 Stops,25/12/2021,8020
GO FIRST,VNS,BOM,13:50,16:15,9:40:00,1 Stops,25/12/2021,8020
GO FIRST,VNS,BOM,13:50,16:15,8:35:00,1 Stops,25/12/2021,8020
Air India,VNS,BOM,13:20,15:40,20:55:00,1 Stops,25/12/2021,8118
Air India,VNS,BOM,13:20,15:40,19:35:00,1 Stops,25/12/2021,8118
Air India,VNS,BOM,13:20,15:40,7:10:00,1 Stops,25/12/2021,8118
Air India,VNS,BOM,13:20,15:40,7:55:00,1 Stops,25/12/2021,8118
Air India,VNS,BOM,13:20,15:40,10:10:00,1 Stops,25/12/2021,8118
GO FIRST,VNS,BLR,11:10,13:30,12:40:00,1 Stops,25/12/2021,8520
GO FIRST,VNS,BLR,11:10,13:30,12:40:00,1 Stops,25/12/2021,8520
GO FIRST,VNS,BLR,11:10,13:30,12:40:00,1 Stops,25/12/2021,8520
GO FIRST,VNS,BLR,11:10,13:30,12:40:00,1 Stops,25/12/2021,8520
Air India,VNS,BOM,13:20,15:40,22:55:00,1 Stops,25/12/2021,8538
GO FIRST,VNS,BLR,11:10,13:30,12:40:00,1 Stops,25/12/2021,8776
GO FIRST,VNS,BLR,11:10,13:30,12:40:00,1 Stops,25/12/2021,8826
Air India,VNS,BOM,13:20,15:40,21:50:00,1 Stops,25/12/2021,9693
Air India,VNS,BOM,13:20,15:40,14:20:00,2 Stops,25/12/2021,15034
Air India,VNS,BOM,13:20,15:40,11:10:00,2 Stops,25/12/2021,15209
Air India,VNS,BOM,13:20,15:40,14:20:00,2 Stops,25/12/2021,15990
Air India,VNS,BOM,13:20,15:40,10:45:00,2 Stops,25/12/2021,22538
SpiceJet,VNS,DEL,19:20,21:10,1:50:00,Non Stop,26/11/2021,5430
SpiceJet,VNS,DEL,19:20,21:10,1:50:00,Non Stop,26/11/2021,5430
GO FIRST,VNS,DEL,7:10,8:30,1:20:00,Non Stop,26/11/2021,5432
GO FIRST,VNS,DEL,17:00,18:25,1:25:00,Non Stop,26/11/2021,5432
GO FIRST,VNS,DEL,7:10,8:30,1:20:00,Non Stop,26/11/2021,5432
GO FIRST,VNS,DEL,17:00,18:25,1:25:00,Non Stop,26/11/2021,5432
GO FIRST,VNS,DEL,7:10,8:30,1:20:00,Non Stop,26/11/2021,5432
GO FIRST,VNS,DEL,17:00,18:25,1:25:00,Non Stop,26/11/2021,5432
GO FIRST,VNS,DEL,7:10,8:30,1:20:00,Non Stop,26/11/2021,5432
GO FIRST,VNS,DEL,17:00,18:25,1:25:00,Non Stop,26/11/2021,5432
SpiceJet,VNS,DEL,19:20,21:10,1:50:00,Non Stop,26/11/2021,5432
Indigo,VNS,DEL,22:05,23:40,1:35:00,Non Stop,26/11/2021,5433
Indigo,VNS,DEL,19:50,21:20,1:30:00,Non Stop,26/11/2021,5433
Indigo,VNS,DEL,7:00,8:35,1:35:00,Non Stop,26/11/2021,5433
Vistara,VNS,DEL,15:20,16:50,1:30:00,Non Stop,26/11/2021,5434
GO FIRST,VNS,DEL,17:00,18:25,1:25:00,Non Stop,26/11/2021,5586
GO FIRST,VNS,DEL,7:10,8:30,1:20:00,Non Stop,26/11/2021,5586
Indigo,VNS,DEL,22:05,23:40,1:35:00,Non Stop,26/11/2021,5591
Indigo,VNS,DEL,7:00,8:35,1:35:00,Non Stop,26/11/2021,5591
Indigo,VNS,DEL,19:50,21:20,1:30:00,Non Stop,26/11/2021,5591
GO FIRST,VNS,DEL,17:00,18:25,1:25:00,Non Stop,26/11/2021,5636
GO FIRST,VNS,DEL,7:10,8:30,1:20:00,Non Stop,26/11/2021,5636
SpiceJet,VNS,DEL,19:20,21:10,1:50:00,Non Stop,26/11/2021,5770
Indigo,VNS,DEL,12:30,14:00,1:30:00,Non Stop,26/11/2021,5853
Indigo,VNS,DEL,12:30,14:00,1:30:00,Non Stop,26/11/2021,6011
Air India,VNS,DEL,12:10,13:45,1:35:00,Non Stop,26/11/2021,6063
Indigo,VNS,DEL,17:25,18:55,1:30:00,Non Stop,26/11/2021,6168
Indigo,VNS,DEL,17:25,18:55,1:30:00,Non Stop,26/11/2021,6326
SpiceJet,VNS,DEL,8:50,10:40,1:50:00,Non Stop,26/11/2021,6798
SpiceJet,VNS,DEL,8:50,10:40,1:50:00,Non Stop,26/11/2021,6798
SpiceJet,VNS,DEL,8:50,10:40,1:50:00,Non Stop,26/11/2021,7870
SpiceJet,VNS,DEL,8:50,10:40,1:50:00,Non Stop,26/11/2021,8293
GO FIRST,VNS,BOM,13:50,16:15,11:00:00,1 Stops,26/11/2021,11324
GO FIRST,VNS,BOM,13:50,16:15,9:40:00,1 Stops,26/11/2021,11324
GO FIRST,VNS,BOM,13:50,16:15,8:35:00,1 Stops,26/11/2021,11324
GO FIRST,VNS,BOM,13:50,16:15,6:20:00,1 Stops,26/11/2021,11324
GO FIRST,VNS,BOM,13:50,16:15,9:40:00,1 Stops,26/11/2021,11324
GO FIRST,VNS,BOM,13:50,16:15,8:35:00,1 Stops,26/11/2021,11324
GO FIRST,VNS,BOM,13:50,16:15,6:20:00,1 Stops,26/11/2021,11324
GO FIRST,VNS,BOM,13:50,16:15,11:00:00,1 Stops,26/11/2021,11324
GO FIRST,VNS,BOM,13:50,16:15,12:10:00,1 Stops,26/11/2021,11702
GO FIRST,VNS,BOM,13:50,16:15,11:00:00,1 Stops,26/11/2021,11702
GO FIRST,VNS,BOM,13:50,16:15,6:20:00,1 Stops,26/11/2021,11702
GO FIRST,VNS,BOM,13:50,16:15,8:35:00,1 Stops,26/11/2021,11702
GO FIRST,VNS,BOM,13:50,16:15,9:40:00,1 Stops,26/11/2021,11702
GO FIRST,VNS,BOM,13:50,16:15,12:10:00,1 Stops,26/11/2021,11702
GO FIRST,VNS,BOM,13:50,16:15,11:00:00,1 Stops,26/11/2021,11702
GO FIRST,VNS,BOM,13:50,16:15,6:20:00,1 Stops,26/11/2021,11702
GO FIRST,VNS,BOM,13:50,16:15,8:35:00,1 Stops,26/11/2021,11702
GO FIRST,VNS,BOM,13:50,16:15,9:40:00,1 Stops,26/11/2021,11702
GO FIRST,VNS,BOM,13:50,16:15,12:10:00,1 Stops,26/11/2021,11702
GO FIRST,VNS,BOM,13:50,16:15,12:10:00,1 Stops,26/11/2021,11702
Vistara,VNS,BOM,16:10,18:20,8:45:00,1 Stops,26/11/2021,11838
Vistara,VNS,BOM,16:10,18:20,15:55:00,1 Stops,26/11/2021,11838
Vistara,VNS,BOM,16:10,18:20,1.03:30:00,1 Stops,26/11/2021,11838
Vistara,VNS,BOM,16:10,18:20,1.01:55:00,1 Stops,26/11/2021,11838
Vistara,VNS,BOM,16:10,18:20,1.00:45:00,1 Stops,26/11/2021,11838
Vistara,VNS,BOM,16:10,18:20,22:20:00,1 Stops,26/11/2021,11838
Vistara,VNS,BOM,16:10,18:20,17:30:00,1 Stops,26/11/2021,11838
Vistara,VNS,BOM,16:10,18:20,16:25:00,1 Stops,26/11/2021,11838
Vistara,VNS,BOM,16:10,18:20,8:00:00,1 Stops,26/11/2021,11838
Vistara,VNS,BOM,16:10,18:20,6:50:00,1 Stops,26/11/2021,11838
GO FIRST,VNS,BOM,13:50,16:15,8:35:00,1 Stops,26/11/2021,12064
GO FIRST,VNS,BOM,13:50,16:15,12:10:00,1 Stops,26/11/2021,12064
GO FIRST,VNS,BOM,13:50,16:15,11:00:00,1 Stops,26/11/2021,12064
GO FIRST,VNS,BOM,13:50,16:15,9:40:00,1 Stops,26/11/2021,12064
GO FIRST,VNS,BOM,13:50,16:15,6:20:00,1 Stops,26/11/2021,12064
GO FIRST,VNS,BOM,13:50,16:15,6:20:00,1 Stops,26/11/2021,12114
GO FIRST,VNS,BOM,13:50,16:15,11:00:00,1 Stops,26/11/2021,12114
GO FIRST,VNS,BOM,13:50,16:15,9:40:00,1 Stops,26/11/2021,12114
GO FIRST,VNS,BOM,13:50,16:15,8:35:00,1 Stops,26/11/2021,12114
GO FIRST,VNS,BOM,13:50,16:15,12:10:00,1 Stops,26/11/2021,12114
Vistara,VNS,BOM,16:10,18:20,21:55:00,1 Stops,26/11/2021,12573
GO FIRST,VNS,BLR,11:10,13:30,12:40:00,1 Stops,26/11/2021,13173
GO FIRST,VNS,BLR,11:10,13:30,9:10:00,2 Stops,26/11/2021,13173
GO FIRST,VNS,BLR,11:10,13:30,10:40:00,2 Stops,26/11/2021,13173
GO FIRST,VNS,BLR,11:10,13:30,10:40:00,2 Stops,26/11/2021,13173
GO FIRST,VNS,BLR,11:10,13:30,9:10:00,2 Stops,26/11/2021,13173
GO FIRST,VNS,BLR,11:10,13:30,12:40:00,1 Stops,26/11/2021,13173
Vistara,VNS,BOM,16:10,18:20,5:45:00,1 Stops,26/11/2021,13413
Air India,VNS,BOM,13:20,15:40,7:10:00,1 Stops,26/11/2021,14673
Air India,VNS,BOM,13:20,15:40,7:55:00,1 Stops,26/11/2021,14673
Air India,VNS,BOM,13:20,15:40,10:10:00,1 Stops,26/11/2021,14673
Air India,VNS,BOM,13:20,15:40,19:35:00,1 Stops,26/11/2021,14673
Air India,VNS,BOM,13:20,15:40,1.06:00:00,1 Stops,26/11/2021,14673
GO FIRST,VNS,BLR,11:10,13:30,12:40:00,1 Stops,26/11/2021,14673
GO FIRST,VNS,BLR,11:10,13:30,12:40:00,1 Stops,26/11/2021,14673
Air India,VNS,BOM,13:20,15:40,9:45:00,2 Stops,26/11/2021,14834
Air India,VNS,BOM,13:20,15:40,1.07:05:00,2 Stops,26/11/2021,14834
GO FIRST,VNS,BLR,11:10,13:30,12:40:00,1 Stops,26/11/2021,15134
GO FIRST,VNS,BLR,11:10,13:30,12:40:00,1 Stops,26/11/2021,15184
Air India,VNS,BOM,13:20,15:40,1.09:40:00,2 Stops,26/11/2021,15674
Air India,VNS,BOM,13:20,15:40,1.09:40:00,2 Stops,26/11/2021,15674
Air India,VNS,BOM,13:20,15:40,20:55:00,1 Stops,26/11/2021,16353
Air India,VNS,BOM,13:20,15:40,10:05:00,2 Stops,26/11/2021,17026
Air India,VNS,BOM,13:20,15:40,19:25:00,2 Stops,26/11/2021,17774
Air India,VNS,BOM,13:20,15:40,1.00:30:00,2 Stops,26/11/2021,19244
Air India,VNS,BOM,13:20,15:40,1.00:30:00,2 Stops,26/11/2021,19244
Air India,VNS,BOM,13:20,15:40,10:35:00,2 Stops,26/11/2021,20147
Air India,VNS,BOM,13:20,15:40,21:50:00,1 Stops,26/11/2021,21288
Air India,VNS,BOM,13:20,15:40,1.09:50:00,2 Stops,26/11/2021,21708
Air India,VNS,BOM,13:20,15:40,10:45:00,2 Stops,26/11/2021,21827
Air India,VNS,BOM,13:20,15:40,1.05:10:00,2 Stops,26/11/2021,22289
Air India,VNS,BOM,13:20,15:40,1.05:10:00,2 Stops,26/11/2021,22289
Air India,VNS,BOM,13:20,15:40,23:40:00,2 Stops,26/11/2021,29163
Air India,VNS,BOM,13:20,15:40,1.06:30:00,2 Stops,26/11/2021,34623
GO FIRST,VNS,DEL,7:10,8:30,1:20:00,Non Stop,26/12/2021,2192
GO FIRST,VNS,DEL,7:10,8:30,1:20:00,Non Stop,26/12/2021,2192
Indigo,VNS,DEL,19:50,21:20,1:30:00,Non Stop,26/12/2021,2192
Indigo,VNS,DEL,7:00,8:35,1:35:00,Non Stop,26/12/2021,2192
GO FIRST,VNS,DEL,7:10,8:30,1:20:00,Non Stop,26/12/2021,2195
GO FIRST,VNS,DEL,7:10,8:30,1:20:00,Non Stop,26/12/2021,2195
SpiceJet,VNS,DEL,19:20,21:10,1:50:00,Non Stop,26/12/2021,2196
SpiceJet,VNS,DEL,8:50,10:40,1:50:00,Non Stop,26/12/2021,2196
SpiceJet,VNS,DEL,19:20,21:10,1:50:00,Non Stop,26/12/2021,2196
SpiceJet,VNS,DEL,8:50,10:40,1:50:00,Non Stop,26/12/2021,2196
Vistara,VNS,DEL,15:20,16:50,1:30:00,Non Stop,26/12/2021,2221
GO FIRST,VNS,DEL,7:10,8:30,1:20:00,Non Stop,26/12/2021,2240
Indigo,VNS,DEL,17:25,18:50,1:25:00,Non Stop,26/12/2021,2300
Indigo,VNS,DEL,7:00,8:35,1:35:00,Non Stop,26/12/2021,2349
Indigo,VNS,DEL,19:50,21:20,1:30:00,Non Stop,26/12/2021,2349
Indigo,VNS,DEL,17:25,18:50,1:25:00,Non Stop,26/12/2021,2457
Indigo,VNS,DEL,12:30,14:00,1:30:00,Non Stop,26/12/2021,2625
GO FIRST,VNS,DEL,17:00,18:25,1:25:00,Non Stop,26/12/2021,2626
GO FIRST,VNS,DEL,17:00,18:25,1:25:00,Non Stop,26/12/2021,2626
GO FIRST,VNS,DEL,17:00,18:25,1:25:00,Non Stop,26/12/2021,2626
GO FIRST,VNS,DEL,17:00,18:25,1:25:00,Non Stop,26/12/2021,2626
GO FIRST,VNS,DEL,17:00,18:25,1:25:00,Non Stop,26/12/2021,2685
GO FIRST,VNS,DEL,17:00,18:25,1:25:00,Non Stop,26/12/2021,2735
GO FIRST,VNS,DEL,7:10,8:30,1:20:00,Non Stop,26/12/2021,2735
SpiceJet,VNS,DEL,8:50,10:40,1:50:00,Non Stop,26/12/2021,2744
SpiceJet,VNS,DEL,19:20,21:10,1:50:00,Non Stop,26/12/2021,2744
Indigo,VNS,DEL,12:30,14:00,1:30:00,Non Stop,26/12/2021,2783
SpiceJet,VNS,DEL,8:50,10:40,1:50:00,Non Stop,26/12/2021,2989
SpiceJet,VNS,DEL,19:20,21:10,1:50:00,Non Stop,26/12/2021,2989
Air India,VNS,DEL,12:10,13:45,1:35:00,Non Stop,26/12/2021,3984
Vistara,VNS,BOM,16:10,18:20,8:45:00,1 Stops,26/12/2021,6319
Vistara,VNS,BOM,16:10,18:20,8:00:00,1 Stops,26/12/2021,6518
Vistara,VNS,BOM,16:10,18:20,15:55:00,1 Stops,26/12/2021,6518
Air India,VNS,BOM,13:20,15:40,1.06:00:00,1 Stops,26/12/2021,6543
Vistara,VNS,BOM,16:10,18:20,6:50:00,1 Stops,26/12/2021,6844
Vistara,VNS,BOM,16:10,18:20,16:25:00,1 Stops,26/12/2021,6844
Vistara,VNS,BOM,16:10,18:20,21:55:00,1 Stops,26/12/2021,6844
Vistara,VNS,BOM,16:10,18:20,1.00:45:00,1 Stops,26/12/2021,6844
Vistara,VNS,BOM,16:10,18:20,1.01:55:00,1 Stops,26/12/2021,6844
GO FIRST,VNS,BOM,11:45,14:15,11:45:00,1 Stops,26/12/2021,7035
GO FIRST,VNS,BOM,13:50,16:15,12:10:00,1 Stops,26/12/2021,7035
GO FIRST,VNS,BOM,13:50,16:15,11:00:00,1 Stops,26/12/2021,7035
GO FIRST,VNS,BOM,13:50,16:15,9:40:00,1 Stops,26/12/2021,7035
GO FIRST,VNS,BOM,13:50,16:15,8:35:00,1 Stops,26/12/2021,7035
GO FIRST,VNS,BOM,11:45,14:15,11:45:00,1 Stops,26/12/2021,7035
GO FIRST,VNS,BOM,11:45,14:15,10:40:00,1 Stops,26/12/2021,7035
GO FIRST,VNS,BOM,11:45,14:15,8:25:00,1 Stops,26/12/2021,7035
GO FIRST,VNS,BOM,13:50,16:15,12:10:00,1 Stops,26/12/2021,7035
GO FIRST,VNS,BOM,13:50,16:15,11:00:00,1 Stops,26/12/2021,7035
GO FIRST,VNS,BOM,13:50,16:15,9:40:00,1 Stops,26/12/2021,7035
GO FIRST,VNS,BOM,13:50,16:15,8:35:00,1 Stops,26/12/2021,7035
GO FIRST,VNS,BOM,11:45,14:15,10:40:00,1 Stops,26/12/2021,7035
GO FIRST,VNS,BOM,11:45,14:15,8:25:00,1 Stops,26/12/2021,7035
GO FIRST,VNS,BOM,13:50,16:15,12:10:00,1 Stops,26/12/2021,7035
GO FIRST,VNS,BOM,11:45,14:15,10:40:00,1 Stops,26/12/2021,7035
GO FIRST,VNS,BOM,11:45,14:15,8:25:00,1 Stops,26/12/2021,7035
GO FIRST,VNS,BOM,11:45,14:15,11:45:00,1 Stops,26/12/2021,7035
GO FIRST,VNS,BOM,13:50,16:15,9:40:00,1 Stops,26/12/2021,7035
GO FIRST,VNS,BOM,13:50,16:15,11:00:00,1 Stops,26/12/2021,7035
GO FIRST,VNS,BOM,13:50,16:15,12:10:00,1 Stops,26/12/2021,7035
GO FIRST,VNS,BOM,13:50,16:15,8:35:00,1 Stops,26/12/2021,7035
GO FIRST,VNS,BOM,11:45,14:15,10:40:00,1 Stops,26/12/2021,7035
GO FIRST,VNS,BOM,11:45,14:15,11:45:00,1 Stops,26/12/2021,7035
GO FIRST,VNS,BOM,13:50,16:15,8:35:00,1 Stops,26/12/2021,7035
GO FIRST,VNS,BOM,13:50,16:15,9:40:00,1 Stops,26/12/2021,7035
GO FIRST,VNS,BOM,13:50,16:15,11:00:00,1 Stops,26/12/2021,7035
GO FIRST,VNS,BOM,11:45,14:15,8:25:00,1 Stops,26/12/2021,7035
GO FIRST,VNS,BOM,13:50,16:15,8:35:00,1 Stops,26/12/2021,7241
GO FIRST,VNS,BOM,13:50,16:15,11:00:00,1 Stops,26/12/2021,7241
GO FIRST,VNS,BOM,13:50,16:15,9:40:00,1 Stops,26/12/2021,7241
GO FIRST,VNS,BOM,11:45,14:15,11:45:00,1 Stops,26/12/2021,7241
GO FIRST,VNS,BOM,13:50,16:15,12:10:00,1 Stops,26/12/2021,7241
GO FIRST,VNS,BOM,11:45,14:15,8:25:00,1 Stops,26/12/2021,7241
GO FIRST,VNS,BOM,11:45,14:15,10:40:00,1 Stops,26/12/2021,7241
Air India,VNS,BOM,13:20,15:40,20:55:00,1 Stops,26/12/2021,7278
Air India,VNS,BOM,13:20,15:40,19:35:00,1 Stops,26/12/2021,7278
Air India,VNS,BOM,13:20,15:40,10:10:00,1 Stops,26/12/2021,7278
GO FIRST,VNS,BOM,13:50,16:15,12:10:00,1 Stops,26/12/2021,7291
GO FIRST,VNS,BOM,13:50,16:15,11:00:00,1 Stops,26/12/2021,7291
GO FIRST,VNS,BOM,13:50,16:15,9:40:00,1 Stops,26/12/2021,7291
GO FIRST,VNS,BOM,13:50,16:15,8:35:00,1 Stops,26/12/2021,7291
GO FIRST,VNS,BOM,11:45,14:15,11:45:00,1 Stops,26/12/2021,7291
GO FIRST,VNS,BOM,11:45,14:15,10:40:00,1 Stops,26/12/2021,7291
GO FIRST,VNS,BOM,11:45,14:15,8:25:00,1 Stops,26/12/2021,7291
Vistara,VNS,BOM,16:10,18:20,5:45:00,1 Stops,26/12/2021,7369
Vistara,VNS,BOM,16:10,18:20,20:30:00,1 Stops,26/12/2021,7369
Air India,VNS,BOM,13:20,15:40,7:10:00,1 Stops,26/12/2021,7803
Air India,VNS,BOM,13:20,15:40,22:55:00,1 Stops,26/12/2021,7803
Vistara,VNS,BOM,16:10,18:20,17:30:00,1 Stops,26/12/2021,7894
Vistara,VNS,BOM,16:10,18:20,18:50:00,1 Stops,26/12/2021,7894
Air India,VNS,BOM,13:20,15:40,7:55:00,1 Stops,26/12/2021,8223
GO FIRST,VNS,BLR,11:10,13:30,12:40:00,1 Stops,26/12/2021,8520
GO FIRST,VNS,BLR,11:10,13:30,12:40:00,1 Stops,26/12/2021,8520
GO FIRST,VNS,BLR,11:10,13:30,12:40:00,1 Stops,26/12/2021,8520
GO FIRST,VNS,BLR,11:10,13:30,12:40:00,1 Stops,26/12/2021,8520
Air India,VNS,BOM,13:20,15:40,1.09:40:00,2 Stops,26/12/2021,8632
Air India,VNS,BOM,13:20,15:40,21:50:00,1 Stops,26/12/2021,8643
Air India,VNS,BOM,13:20,15:40,1.07:05:00,2 Stops,26/12/2021,8699
GO FIRST,VNS,BLR,11:10,13:30,12:40:00,1 Stops,26/12/2021,8776
GO FIRST,VNS,BLR,11:10,13:30,12:40:00,1 Stops,26/12/2021,8826
Air India,VNS,BOM,13:20,15:40,1.00:30:00,2 Stops,26/12/2021,9129
Air India,VNS,BOM,13:20,15:40,19:25:00,2 Stops,26/12/2021,9549
Air India,VNS,BOM,13:20,15:40,1.05:50:00,2 Stops,26/12/2021,9549
Air India,VNS,BOM,13:20,15:40,9:45:00,2 Stops,26/12/2021,9749
Air India,VNS,BOM,13:20,15:40,10:35:00,2 Stops,26/12/2021,11087
Air India,VNS,BOM,13:20,15:40,14:20:00,2 Stops,26/12/2021,14194
Air India,VNS,BOM,13:20,15:40,10:45:00,2 Stops,26/12/2021,17081
SpiceJet,VNS,DEL,19:20,21:10,1:50:00,Non Stop,27/11/2021,5430
SpiceJet,VNS,DEL,19:20,21:10,1:50:00,Non Stop,27/11/2021,5430
GO FIRST,VNS,DEL,7:10,8:30,1:20:00,Non Stop,27/11/2021,5432
GO FIRST,VNS,DEL,17:00,18:25,1:25:00,Non Stop,27/11/2021,5432
GO FIRST,VNS,DEL,7:10,8:30,1:20:00,Non Stop,27/11/2021,5432
GO FIRST,VNS,DEL,17:00,18:25,1:25:00,Non Stop,27/11/2021,5432
GO FIRST,VNS,DEL,7:10,8:30,1:20:00,Non Stop,27/11/2021,5432
GO FIRST,VNS,DEL,17:00,18:25,1:25:00,Non Stop,27/11/2021,5432
GO FIRST,VNS,DEL,7:10,8:30,1:20:00,Non Stop,27/11/2021,5432
GO FIRST,VNS,DEL,17:00,18:25,1:25:00,Non Stop,27/11/2021,5432
SpiceJet,VNS,DEL,19:20,21:10,1:50:00,Non Stop,27/11/2021,5432
Indigo,VNS,DEL,22:05,23:40,1:35:00,Non Stop,27/11/2021,5433
Indigo,VNS,DEL,19:50,21:20,1:30:00,Non Stop,27/11/2021,5433
Indigo,VNS,DEL,17:25,18:55,1:30:00,Non Stop,27/11/2021,5433
Indigo,VNS,DEL,7:00,8:35,1:35:00,Non Stop,27/11/2021,5433
GO FIRST,VNS,DEL,17:00,18:25,1:25:00,Non Stop,27/11/2021,5586
GO FIRST,VNS,DEL,7:10,8:30,1:20:00,Non Stop,27/11/2021,5586
Indigo,VNS,DEL,22:05,23:40,1:35:00,Non Stop,27/11/2021,5591
Indigo,VNS,DEL,19:50,21:20,1:30:00,Non Stop,27/11/2021,5591
Indigo,VNS,DEL,17:25,18:55,1:30:00,Non Stop,27/11/2021,5591
Indigo,VNS,DEL,7:00,8:35,1:35:00,Non Stop,27/11/2021,5591
GO FIRST,VNS,DEL,17:00,18:25,1:25:00,Non Stop,27/11/2021,5636
GO FIRST,VNS,DEL,7:10,8:30,1:20:00,Non Stop,27/11/2021,5636
SpiceJet,VNS,DEL,19:20,21:10,1:50:00,Non Stop,27/11/2021,5770
Vistara,VNS,DEL,15:20,16:50,1:30:00,Non Stop,27/11/2021,5854
Indigo,VNS,DEL,12:30,14:00,1:30:00,Non Stop,27/11/2021,6011
Air India,VNS,DEL,12:10,13:45,1:35:00,Non Stop,27/11/2021,6063
Indigo,VNS,DEL,12:30,14:00,1:30:00,Non Stop,27/11/2021,6168
SpiceJet,VNS,DEL,8:50,10:40,1:50:00,Non Stop,27/11/2021,9738
SpiceJet,VNS,DEL,8:50,10:40,1:50:00,Non Stop,27/11/2021,9738
GO FIRST,VNS,BOM,13:50,16:15,12:10:00,1 Stops,27/11/2021,11324
GO FIRST,VNS,BOM,13:50,16:15,11:00:00,1 Stops,27/11/2021,11324
GO FIRST,VNS,BOM,13:50,16:15,9:40:00,1 Stops,27/11/2021,11324
GO FIRST,VNS,BOM,13:50,16:15,8:35:00,1 Stops,27/11/2021,11324
GO FIRST,VNS,BOM,13:50,16:15,6:20:00,1 Stops,27/11/2021,11324
GO FIRST,VNS,BOM,13:50,16:15,11:00:00,1 Stops,27/11/2021,11324
GO FIRST,VNS,BOM,13:50,16:15,9:40:00,1 Stops,27/11/2021,11324
GO FIRST,VNS,BOM,13:50,16:15,8:35:00,1 Stops,27/11/2021,11324
GO FIRST,VNS,BOM,13:50,16:15,6:20:00,1 Stops,27/11/2021,11324
GO FIRST,VNS,BOM,13:50,16:15,12:10:00,1 Stops,27/11/2021,11324
SpiceJet,VNS,DEL,8:50,10:40,1:50:00,Non Stop,27/11/2021,11340
GO FIRST,VNS,BOM,13:50,16:15,8:35:00,1 Stops,27/11/2021,11702
GO FIRST,VNS,BOM,13:50,16:15,11:00:00,1 Stops,27/11/2021,11702
GO FIRST,VNS,BOM,13:50,16:15,9:40:00,1 Stops,27/11/2021,11702
GO FIRST,VNS,BOM,13:50,16:15,6:20:00,1 Stops,27/11/2021,11702
GO FIRST,VNS,BOM,13:50,16:15,12:10:00,1 Stops,27/11/2021,11702
GO FIRST,VNS,BOM,13:50,16:15,11:00:00,1 Stops,27/11/2021,11702
GO FIRST,VNS,BOM,13:50,16:15,6:20:00,1 Stops,27/11/2021,11702
GO FIRST,VNS,BOM,13:50,16:15,12:10:00,1 Stops,27/11/2021,11702
GO FIRST,VNS,BOM,13:50,16:15,9:40:00,1 Stops,27/11/2021,11702
GO FIRST,VNS,BOM,13:50,16:15,8:35:00,1 Stops,27/11/2021,11702
SpiceJet,VNS,DEL,8:50,10:40,1:50:00,Non Stop,27/11/2021,11885
GO FIRST,VNS,BOM,13:50,16:15,12:10:00,1 Stops,27/11/2021,12064
GO FIRST,VNS,BOM,13:50,16:15,9:40:00,1 Stops,27/11/2021,12064
GO FIRST,VNS,BOM,13:50,16:15,8:35:00,1 Stops,27/11/2021,12064
GO FIRST,VNS,BOM,13:50,16:15,11:00:00,1 Stops,27/11/2021,12064
GO FIRST,VNS,BOM,13:50,16:15,6:20:00,1 Stops,27/11/2021,12064
GO FIRST,VNS,BOM,13:50,16:15,12:10:00,1 Stops,27/11/2021,12114
GO FIRST,VNS,BOM,13:50,16:15,11:00:00,1 Stops,27/11/2021,12114
GO FIRST,VNS,BOM,13:50,16:15,9:40:00,1 Stops,27/11/2021,12114
GO FIRST,VNS,BOM,13:50,16:15,8:35:00,1 Stops,27/11/2021,12114
GO FIRST,VNS,BOM,13:50,16:15,6:20:00,1 Stops,27/11/2021,12114
GO FIRST,VNS,BLR,11:10,13:30,10:40:00,2 Stops,27/11/2021,13173
GO FIRST,VNS,BLR,11:10,13:30,12:40:00,1 Stops,27/11/2021,13173
GO FIRST,VNS,BLR,11:10,13:30,10:40:00,2 Stops,27/11/2021,13173
GO FIRST,VNS,BLR,11:10,13:30,12:40:00,1 Stops,27/11/2021,13173
Vistara,VNS,BOM,16:10,18:20,22:20:00,1 Stops,27/11/2021,13533
Vistara,VNS,BOM,16:10,18:20,1.03:30:00,1 Stops,27/11/2021,13533
Vistara,VNS,BOM,16:10,18:20,1.01:55:00,1 Stops,27/11/2021,13533
Vistara,VNS,BOM,16:10,18:20,1.00:45:00,1 Stops,27/11/2021,13533
Vistara,VNS,BOM,16:10,18:20,21:55:00,1 Stops,27/11/2021,13533
Vistara,VNS,BOM,16:10,18:20,18:50:00,1 Stops,27/11/2021,13533
Vistara,VNS,BOM,16:10,18:20,16:25:00,1 Stops,27/11/2021,13533
Vistara,VNS,BOM,16:10,18:20,8:45:00,1 Stops,27/11/2021,13533
Vistara,VNS,BOM,16:10,18:20,8:00:00,1 Stops,27/11/2021,13533
Vistara,VNS,BOM,16:10,18:20,6:50:00,1 Stops,27/11/2021,13533
Vistara,VNS,BOM,16:10,18:20,5:45:00,1 Stops,27/11/2021,13533
Vistara,VNS,BOM,16:10,18:20,17:30:00,1 Stops,27/11/2021,13533
Vistara,VNS,BOM,16:10,18:20,20:30:00,1 Stops,27/11/2021,13645
GO FIRST,VNS,BLR,11:10,13:30,12:40:00,1 Stops,27/11/2021,14673
GO FIRST,VNS,BLR,11:10,13:30,12:40:00,1 Stops,27/11/2021,14673
GO FIRST,VNS,BLR,11:10,13:30,12:40:00,1 Stops,27/11/2021,15134
GO FIRST,VNS,BLR,11:10,13:30,12:40:00,1 Stops,27/11/2021,15184
Air India,VNS,BOM,13:20,15:40,22:55:00,1 Stops,27/11/2021,16143
Air India,VNS,BOM,13:20,15:40,20:55:00,1 Stops,27/11/2021,16143
Air India,VNS,BOM,13:20,15:40,19:35:00,1 Stops,27/11/2021,16143
Air India,VNS,BOM,13:20,15:40,10:10:00,1 Stops,27/11/2021,16143
Air India,VNS,BOM,13:20,15:40,7:10:00,1 Stops,27/11/2021,16143
Air India,VNS,BOM,13:20,15:40,7:55:00,1 Stops,27/11/2021,16143
Air India,VNS,BOM,13:20,15:40,1.06:00:00,1 Stops,27/11/2021,16563
Air India,VNS,BOM,13:20,15:40,21:50:00,1 Stops,27/11/2021,20448
Air India,VNS,BOM,13:20,15:40,14:20:00,2 Stops,27/11/2021,21498
Air India,VNS,BOM,13:20,15:40,14:20:00,2 Stops,27/11/2021,21498
Air India,VNS,BOM,13:20,15:40,1.09:50:00,2 Stops,27/11/2021,23178
Air India,VNS,BOM,13:20,15:40,1.09:50:00,2 Stops,27/11/2021,23178
Air India,VNS,BOM,13:20,15:40,19:55:00,2 Stops,27/11/2021,25383
Air India,VNS,BOM,13:20,15:40,23:40:00,2 Stops,27/11/2021,26223
Air India,VNS,BOM,13:20,15:40,11:10:00,2 Stops,27/11/2021,26433
Air India,VNS,BOM,13:20,15:40,1.06:30:00,2 Stops,27/11/2021,28323
Air India,VNS,BOM,13:20,15:40,1.06:30:00,2 Stops,27/11/2021,28323
GO FIRST,VNS,DEL,7:10,8:30,1:20:00,Non Stop,27/12/2021,2192
GO FIRST,VNS,DEL,7:10,8:30,1:20:00,Non Stop,27/12/2021,2192
Indigo,VNS,DEL,19:50,21:20,1:30:00,Non Stop,27/12/2021,2192
Indigo,VNS,DEL,7:00,8:35,1:35:00,Non Stop,27/12/2021,2192
GO FIRST,VNS,DEL,7:10,8:30,1:20:00,Non Stop,27/12/2021,2195
GO FIRST,VNS,DEL,7:10,8:30,1:20:00,Non Stop,27/12/2021,2195
SpiceJet,VNS,DEL,19:20,21:10,1:50:00,Non Stop,27/12/2021,2196
SpiceJet,VNS,DEL,8:50,10:40,1:50:00,Non Stop,27/12/2021,2196
SpiceJet,VNS,DEL,19:20,21:10,1:50:00,Non Stop,27/12/2021,2196
SpiceJet,VNS,DEL,8:50,10:40,1:50:00,Non Stop,27/12/2021,2196
GO FIRST,VNS,DEL,7:10,8:30,1:20:00,Non Stop,27/12/2021,2240
Indigo,VNS,DEL,19:50,21:20,1:30:00,Non Stop,27/12/2021,2349
Indigo,VNS,DEL,7:00,8:35,1:35:00,Non Stop,27/12/2021,2349
Indigo,VNS,DEL,17:25,18:50,1:25:00,Non Stop,27/12/2021,2508
Indigo,VNS,DEL,12:30,14:00,1:30:00,Non Stop,27/12/2021,2625
GO FIRST,VNS,DEL,17:00,18:25,1:25:00,Non Stop,27/12/2021,2626
GO FIRST,VNS,DEL,17:00,18:25,1:25:00,Non Stop,27/12/2021,2626
GO FIRST,VNS,DEL,17:00,18:25,1:25:00,Non Stop,27/12/2021,2626
GO FIRST,VNS,DEL,17:00,18:25,1:25:00,Non Stop,27/12/2021,2626
Indigo,VNS,DEL,17:25,18:50,1:25:00,Non Stop,27/12/2021,2665
GO FIRST,VNS,DEL,17:00,18:25,1:25:00,Non Stop,27/12/2021,2685
Vistara,VNS,DEL,15:20,16:50,1:30:00,Non Stop,27/12/2021,2735
GO FIRST,VNS,DEL,17:00,18:25,1:25:00,Non Stop,27/12/2021,2735
GO FIRST,VNS,DEL,7:10,8:30,1:20:00,Non Stop,27/12/2021,2735
SpiceJet,VNS,DEL,8:50,10:40,1:50:00,Non Stop,27/12/2021,2744
SpiceJet,VNS,DEL,19:20,21:10,1:50:00,Non Stop,27/12/2021,2744
Indigo,VNS,DEL,12:30,14:00,1:30:00,Non Stop,27/12/2021,2783
SpiceJet,VNS,DEL,19:20,21:10,1:50:00,Non Stop,27/12/2021,2989
SpiceJet,VNS,DEL,8:50,10:40,1:50:00,Non Stop,27/12/2021,2989
Air India,VNS,DEL,12:10,13:45,1:35:00,Non Stop,27/12/2021,3984
Vistara,VNS,BOM,16:10,18:20,8:00:00,1 Stops,27/12/2021,5969
Vistara,VNS,BOM,16:10,18:20,8:45:00,1 Stops,27/12/2021,5969
Vistara,VNS,BOM,16:10,18:20,15:55:00,1 Stops,27/12/2021,5969
GO FIRST,VNS,AMD,13:10,15:10,6:05:00,1 Stops,27/12/2021,6124
GO FIRST,VNS,AMD,13:10,15:10,10:20:00,1 Stops,27/12/2021,6124
GO FIRST,VNS,AMD,13:10,15:10,6:05:00,1 Stops,27/12/2021,6124
GO FIRST,VNS,AMD,13:10,15:10,10:20:00,1 Stops,27/12/2021,6124
GO FIRST,VNS,AMD,13:10,15:10,6:05:00,1 Stops,27/12/2021,6124
GO FIRST,VNS,AMD,13:10,15:10,10:20:00,1 Stops,27/12/2021,6124
GO FIRST,VNS,AMD,13:10,15:10,6:05:00,1 Stops,27/12/2021,6124
GO FIRST,VNS,AMD,13:10,15:10,10:20:00,1 Stops,27/12/2021,6124
Air India,VNS,BOM,13:20,15:40,1.06:00:00,1 Stops,27/12/2021,6212
GO FIRST,VNS,AMD,13:10,15:10,6:05:00,1 Stops,27/12/2021,6300
GO FIRST,VNS,AMD,13:10,15:10,10:20:00,1 Stops,27/12/2021,6300
GO FIRST,VNS,AMD,13:10,15:10,10:20:00,1 Stops,27/12/2021,6350
GO FIRST,VNS,AMD,13:10,15:10,6:05:00,1 Stops,27/12/2021,6350
Vistara,VNS,BOM,16:10,18:20,6:50:00,1 Stops,27/12/2021,6494
Air India,VNS,BOM,13:20,15:40,10:10:00,1 Stops,27/12/2021,6527
GO FIRST,VNS,BOM,13:50,16:15,11:00:00,1 Stops,27/12/2021,6640
GO FIRST,VNS,BOM,13:50,16:15,12:10:00,1 Stops,27/12/2021,6640
GO FIRST,VNS,BOM,13:50,16:15,11:00:00,1 Stops,27/12/2021,6640
GO FIRST,VNS,BOM,13:50,16:15,9:40:00,1 Stops,27/12/2021,6640
GO FIRST,VNS,BOM,13:50,16:15,8:35:00,1 Stops,27/12/2021,6640
GO FIRST,VNS,BOM,13:50,16:15,12:10:00,1 Stops,27/12/2021,6640
GO FIRST,VNS,BOM,13:50,16:15,9:40:00,1 Stops,27/12/2021,6640
GO FIRST,VNS,BOM,13:50,16:15,11:00:00,1 Stops,27/12/2021,6640
GO FIRST,VNS,BOM,13:50,16:15,12:10:00,1 Stops,27/12/2021,6640
GO FIRST,VNS,BOM,13:50,16:15,8:35:00,1 Stops,27/12/2021,6640
GO FIRST,VNS,BOM,13:50,16:15,9:40:00,1 Stops,27/12/2021,6640
GO FIRST,VNS,BOM,13:50,16:15,12:10:00,1 Stops,27/12/2021,6640
GO FIRST,VNS,BOM,13:50,16:15,8:35:00,1 Stops,27/12/2021,6640
GO FIRST,VNS,BOM,13:50,16:15,9:40:00,1 Stops,27/12/2021,6640
GO FIRST,VNS,BOM,13:50,16:15,11:00:00,1 Stops,27/12/2021,6640
GO FIRST,VNS,BOM,13:50,16:15,8:35:00,1 Stops,27/12/2021,6640
Vistara,VNS,BOM,16:10,18:20,16:25:00,1 Stops,27/12/2021,6704
GO FIRST,VNS,BOM,13:50,16:15,11:00:00,1 Stops,27/12/2021,6834
GO FIRST,VNS,BOM,13:50,16:15,12:10:00,1 Stops,27/12/2021,6834
GO FIRST,VNS,BOM,13:50,16:15,9:40:00,1 Stops,27/12/2021,6834
GO FIRST,VNS,BOM,13:50,16:15,8:35:00,1 Stops,27/12/2021,6834
GO FIRST,VNS,BOM,13:50,16:15,9:40:00,1 Stops,27/12/2021,6884
GO FIRST,VNS,BOM,13:50,16:15,12:10:00,1 Stops,27/12/2021,6884
GO FIRST,VNS,BOM,13:50,16:15,11:00:00,1 Stops,27/12/2021,6884
GO FIRST,VNS,BOM,13:50,16:15,8:35:00,1 Stops,27/12/2021,6884
Air India,VNS,BOM,13:20,15:40,7:10:00,1 Stops,27/12/2021,6947
Air India,VNS,BOM,13:20,15:40,19:50:00,1 Stops,27/12/2021,6947
Vistara,VNS,BOM,16:10,18:20,18:50:00,1 Stops,27/12/2021,7019
Vistara,VNS,BOM,16:10,18:20,5:45:00,1 Stops,27/12/2021,7019
Vistara,VNS,BOM,16:10,18:20,17:30:00,1 Stops,27/12/2021,7229
Air India,VNS,BOM,13:20,15:40,1.09:40:00,2 Stops,27/12/2021,7567
GO FIRST,VNS,BLR,11:10,13:30,12:40:00,1 Stops,27/12/2021,7739
GO FIRST,VNS,BLR,11:10,13:30,12:40:00,1 Stops,27/12/2021,7739
Vistara,VNS,BOM,16:10,18:20,20:30:00,1 Stops,27/12/2021,7754
GO FIRST,VNS,BLR,11:10,13:30,12:40:00,1 Stops,27/12/2021,7761
GO FIRST,VNS,BLR,11:10,13:30,12:40:00,1 Stops,27/12/2021,7761
Air India,VNS,BOM,13:20,15:40,1.09:40:00,2 Stops,27/12/2021,7882
Air India,VNS,BOM,13:20,15:40,7:55:00,1 Stops,27/12/2021,7892
Air India,VNS,BOM,13:20,15:40,20:55:00,1 Stops,27/12/2021,7892
Air India,VNS,BOM,13:20,15:40,22:55:00,1 Stops,27/12/2021,7892
GO FIRST,VNS,BLR,11:10,13:30,12:40:00,1 Stops,27/12/2021,7968
GO FIRST,VNS,BLR,11:10,13:30,12:40:00,1 Stops,27/12/2021,8043
Air India,VNS,BOM,13:20,15:40,21:50:00,1 Stops,27/12/2021,8312
Air India,VNS,BOM,13:20,15:40,19:25:00,2 Stops,27/12/2021,8798
Air India,VNS,BOM,13:20,15:40,1.00:30:00,2 Stops,27/12/2021,8903
Air India,VNS,BOM,13:20,15:40,1.07:05:00,2 Stops,27/12/2021,9103
Air India,VNS,BOM,13:20,15:40,1.00:30:00,2 Stops,27/12/2021,9218
Air India,VNS,BOM,13:20,15:40,1.05:10:00,2 Stops,27/12/2021,9323
Air India,VNS,BOM,13:20,15:40,1.05:10:00,2 Stops,27/12/2021,9638
Air India,VNS,BOM,13:20,15:40,10:35:00,2 Stops,27/12/2021,10127
Air India,VNS,BOM,13:20,15:40,9:45:00,2 Stops,27/12/2021,10993
Air India,VNS,BOM,13:20,15:40,11:10:00,2 Stops,27/12/2021,14331
Air India,VNS,BOM,13:20,15:40,10:45:00,2 Stops,27/12/2021,15280
SpiceJet,VNS,DEL,19:20,21:10,1:50:00,Non Stop,28/11/2021,5430
SpiceJet,VNS,DEL,19:20,21:10,1:50:00,Non Stop,28/11/2021,5430
GO FIRST,VNS,DEL,7:10,8:30,1:20:00,Non Stop,28/11/2021,5432
GO FIRST,VNS,DEL,7:10,8:30,1:20:00,Non Stop,28/11/2021,5432
GO FIRST,VNS,DEL,7:10,8:30,1:20:00,Non Stop,28/11/2021,5432
GO FIRST,VNS,DEL,7:10,8:30,1:20:00,Non Stop,28/11/2021,5432
SpiceJet,VNS,DEL,19:20,21:10,1:50:00,Non Stop,28/11/2021,5432
Indigo,VNS,DEL,22:05,23:40,1:35:00,Non Stop,28/11/2021,5433
Vistara,VNS,DEL,15:20,16:50,1:30:00,Non Stop,28/11/2021,5434
Indigo,VNS,DEL,19:50,21:20,1:30:00,Non Stop,28/11/2021,5538
Indigo,VNS,DEL,7:00,8:35,1:35:00,Non Stop,28/11/2021,5538
GO FIRST,VNS,DEL,7:10,8:30,1:20:00,Non Stop,28/11/2021,5586
Indigo,VNS,DEL,22:05,23:40,1:35:00,Non Stop,28/11/2021,5591
GO FIRST,VNS,DEL,7:10,8:30,1:20:00,Non Stop,28/11/2021,5636
Indigo,VNS,DEL,7:00,8:35,1:35:00,Non Stop,28/11/2021,5696
Indigo,VNS,DEL,19:50,21:20,1:30:00,Non Stop,28/11/2021,5696
SpiceJet,VNS,DEL,19:20,21:10,1:50:00,Non Stop,28/11/2021,5770
Indigo,VNS,DEL,17:25,18:55,1:30:00,Non Stop,28/11/2021,5853
Indigo,VNS,DEL,17:25,18:55,1:30:00,Non Stop,28/11/2021,6011
GO FIRST,VNS,DEL,17:00,18:25,1:25:00,Non Stop,28/11/2021,6588
GO FIRST,VNS,DEL,17:00,18:25,1:25:00,Non Stop,28/11/2021,6588
GO FIRST,VNS,DEL,17:00,18:25,1:25:00,Non Stop,28/11/2021,6588
GO FIRST,VNS,DEL,17:00,18:25,1:25:00,Non Stop,28/11/2021,6588
GO FIRST,VNS,DEL,17:00,18:25,1:25:00,Non Stop,28/11/2021,6780
GO FIRST,VNS,DEL,17:00,18:25,1:25:00,Non Stop,28/11/2021,6830
SpiceJet,VNS,DEL,8:50,10:40,1:50:00,Non Stop,28/11/2021,7638
SpiceJet,VNS,DEL,8:50,10:40,1:50:00,Non Stop,28/11/2021,7638
SpiceJet,VNS,DEL,8:50,10:40,1:50:00,Non Stop,28/11/2021,8862
SpiceJet,VNS,DEL,8:50,10:40,1:50:00,Non Stop,28/11/2021,9320
GO FIRST,VNS,BOM,13:50,16:15,11:00:00,1 Stops,28/11/2021,11324
GO FIRST,VNS,BOM,13:50,16:15,9:40:00,1 Stops,28/11/2021,11324
GO FIRST,VNS,BOM,13:50,16:15,8:35:00,1 Stops,28/11/2021,11324
GO FIRST,VNS,BOM,13:50,16:15,6:20:00,1 Stops,28/11/2021,11324
GO FIRST,VNS,BOM,13:50,16:15,12:10:00,1 Stops,28/11/2021,11324
GO FIRST,VNS,BOM,13:50,16:15,11:00:00,1 Stops,28/11/2021,11324
GO FIRST,VNS,BOM,13:50,16:15,9:40:00,1 Stops,28/11/2021,11324
GO FIRST,VNS,BOM,13:50,16:15,8:35:00,1 Stops,28/11/2021,11324
GO FIRST,VNS,BOM,13:50,16:15,6:20:00,1 Stops,28/11/2021,11324
GO FIRST,VNS,BOM,13:50,16:15,12:10:00,1 Stops,28/11/2021,11324
Air India,VNS,DEL,12:10,13:45,1:35:00,Non Stop,28/11/2021,11418
GO FIRST,VNS,BOM,11:45,14:15,10:40:00,1 Stops,28/11/2021,11702
GO FIRST,VNS,BOM,13:50,16:15,12:10:00,1 Stops,28/11/2021,11702
GO FIRST,VNS,BOM,13:50,16:15,11:00:00,1 Stops,28/11/2021,11702
GO FIRST,VNS,BOM,13:50,16:15,9:40:00,1 Stops,28/11/2021,11702
GO FIRST,VNS,BOM,13:50,16:15,8:35:00,1 Stops,28/11/2021,11702
GO FIRST,VNS,BOM,13:50,16:15,6:20:00,1 Stops,28/11/2021,11702
GO FIRST,VNS,BOM,11:45,14:15,11:45:00,1 Stops,28/11/2021,11702
GO FIRST,VNS,BOM,11:45,14:15,10:40:00,1 Stops,28/11/2021,11702
GO FIRST,VNS,BOM,11:45,14:15,8:25:00,1 Stops,28/11/2021,11702
GO FIRST,VNS,BOM,11:45,14:15,11:45:00,1 Stops,28/11/2021,11702
GO FIRST,VNS,BOM,11:45,14:15,8:25:00,1 Stops,28/11/2021,11702
GO FIRST,VNS,BOM,13:50,16:15,12:10:00,1 Stops,28/11/2021,11702
GO FIRST,VNS,BOM,13:50,16:15,11:00:00,1 Stops,28/11/2021,11702
GO FIRST,VNS,BOM,11:45,14:15,8:25:00,1 Stops,28/11/2021,11702
GO FIRST,VNS,BOM,11:45,14:15,11:45:00,1 Stops,28/11/2021,11702
GO FIRST,VNS,BOM,11:45,14:15,8:25:00,1 Stops,28/11/2021,11702
GO FIRST,VNS,BOM,11:45,14:15,10:40:00,1 Stops,28/11/2021,11702
GO FIRST,VNS,BOM,11:45,14:15,10:40:00,1 Stops,28/11/2021,11702
GO FIRST,VNS,BOM,13:50,16:15,6:20:00,1 Stops,28/11/2021,11702
GO FIRST,VNS,BOM,13:50,16:15,8:35:00,1 Stops,28/11/2021,11702
GO FIRST,VNS,BOM,13:50,16:15,9:40:00,1 Stops,28/11/2021,11702
GO FIRST,VNS,BOM,11:45,14:15,11:45:00,1 Stops,28/11/2021,11702
GO FIRST,VNS,BOM,13:50,16:15,11:00:00,1 Stops,28/11/2021,12064
GO FIRST,VNS,BOM,13:50,16:15,9:40:00,1 Stops,28/11/2021,12064
GO FIRST,VNS,BOM,13:50,16:15,8:35:00,1 Stops,28/11/2021,12064
GO FIRST,VNS,BOM,13:50,16:15,6:20:00,1 Stops,28/11/2021,12064
GO FIRST,VNS,BOM,11:45,14:15,11:45:00,1 Stops,28/11/2021,12064
GO FIRST,VNS,BOM,11:45,14:15,10:40:00,1 Stops,28/11/2021,12064
GO FIRST,VNS,BOM,13:50,16:15,12:10:00,1 Stops,28/11/2021,12064
GO FIRST,VNS,BOM,11:45,14:15,8:25:00,1 Stops,28/11/2021,12064
GO FIRST,VNS,BOM,11:45,14:15,10:40:00,1 Stops,28/11/2021,12114
GO FIRST,VNS,BOM,13:50,16:15,12:10:00,1 Stops,28/11/2021,12114
GO FIRST,VNS,BOM,13:50,16:15,9:40:00,1 Stops,28/11/2021,12114
GO FIRST,VNS,BOM,13:50,16:15,8:35:00,1 Stops,28/11/2021,12114
GO FIRST,VNS,BOM,13:50,16:15,6:20:00,1 Stops,28/11/2021,12114
GO FIRST,VNS,BOM,11:45,14:15,11:45:00,1 Stops,28/11/2021,12114
GO FIRST,VNS,BOM,11:45,14:15,8:25:00,1 Stops,28/11/2021,12114
GO FIRST,VNS,BOM,13:50,16:15,11:00:00,1 Stops,28/11/2021,12114
Vistara,VNS,BOM,16:10,18:20,5:45:00,1 Stops,28/11/2021,12573
Vistara,VNS,BOM,16:10,18:20,6:50:00,1 Stops,28/11/2021,12573
Vistara,VNS,BOM,16:10,18:20,8:00:00,1 Stops,28/11/2021,12573
Vistara,VNS,BOM,16:10,18:20,8:45:00,1 Stops,28/11/2021,12573
Vistara,VNS,BOM,16:10,18:20,15:55:00,1 Stops,28/11/2021,12573
Vistara,VNS,BOM,16:10,18:20,16:25:00,1 Stops,28/11/2021,12573
Vistara,VNS,BOM,16:10,18:20,18:50:00,1 Stops,28/11/2021,12573
Vistara,VNS,BOM,16:10,18:20,17:30:00,1 Stops,28/11/2021,12678
Indigo,VNS,DEL,12:30,14:00,1:30:00,Non Stop,28/11/2021,12678
Indigo,VNS,DEL,12:30,14:00,1:30:00,Non Stop,28/11/2021,12836
GO FIRST,VNS,BLR,11:10,13:30,10:40:00,2 Stops,28/11/2021,13173
GO FIRST,VNS,BLR,11:10,13:30,10:40:00,2 Stops,28/11/2021,13173
Air India,VNS,BOM,13:20,15:40,7:10:00,1 Stops,28/11/2021,18453
Air India,VNS,BOM,13:20,15:40,7:55:00,1 Stops,28/11/2021,18453
Air India,VNS,BOM,13:20,15:40,10:10:00,1 Stops,28/11/2021,18453
Air India,VNS,BOM,13:20,15:40,19:35:00,1 Stops,28/11/2021,18453
Air India,VNS,BOM,13:20,15:40,20:55:00,1 Stops,28/11/2021,18453
Air India,VNS,BOM,13:20,15:40,22:55:00,1 Stops,28/11/2021,18453
Air India,VNS,BOM,13:20,15:40,21:50:00,1 Stops,28/11/2021,18453
Air India,VNS,BOM,13:20,15:40,1.06:00:00,1 Stops,28/11/2021,18453
Air India,VNS,BOM,13:20,15:40,9:45:00,2 Stops,28/11/2021,23073
Air India,VNS,BOM,13:20,15:40,10:45:00,2 Stops,28/11/2021,27168
Air India,VNS,BOM,13:20,15:40,14:20:00,2 Stops,28/11/2021,30003
GO FIRST,VNS,DEL,7:10,8:30,1:20:00,Non Stop,28/12/2021,2192
GO FIRST,VNS,DEL,7:10,8:30,1:20:00,Non Stop,28/12/2021,2192
Indigo,VNS,DEL,7:00,8:35,1:35:00,Non Stop,28/12/2021,2192
Indigo,VNS,DEL,19:50,21:20,1:30:00,Non Stop,28/12/2021,2192
GO FIRST,VNS,DEL,7:10,8:30,1:20:00,Non Stop,28/12/2021,2195
GO FIRST,VNS,DEL,7:10,8:30,1:20:00,Non Stop,28/12/2021,2195
SpiceJet,VNS,DEL,19:20,21:10,1:50:00,Non Stop,28/12/2021,2196
SpiceJet,VNS,DEL,8:50,10:40,1:50:00,Non Stop,28/12/2021,2196
SpiceJet,VNS,DEL,8:50,10:40,1:50:00,Non Stop,28/12/2021,2196
SpiceJet,VNS,DEL,19:20,21:10,1:50:00,Non Stop,28/12/2021,2196
Vistara,VNS,DEL,15:20,16:50,1:30:00,Non Stop,28/12/2021,2221
GO FIRST,VNS,DEL,7:10,8:30,1:20:00,Non Stop,28/12/2021,2240
Indigo,VNS,DEL,19:50,21:20,1:30:00,Non Stop,28/12/2021,2349
Indigo,VNS,DEL,7:00,8:35,1:35:00,Non Stop,28/12/2021,2349
Indigo,VNS,DEL,17:25,18:50,1:25:00,Non Stop,28/12/2021,2508
Indigo,VNS,DEL,12:30,14:00,1:30:00,Non Stop,28/12/2021,2625
GO FIRST,VNS,DEL,17:00,18:25,1:25:00,Non Stop,28/12/2021,2626
GO FIRST,VNS,DEL,17:00,18:25,1:25:00,Non Stop,28/12/2021,2626
GO FIRST,VNS,DEL,17:00,18:25,1:25:00,Non Stop,28/12/2021,2626
GO FIRST,VNS,DEL,17:00,18:25,1:25:00,Non Stop,28/12/2021,2626
Indigo,VNS,DEL,17:25,18:50,1:25:00,Non Stop,28/12/2021,2665
GO FIRST,VNS,DEL,17:00,18:25,1:25:00,Non Stop,28/12/2021,2685
GO FIRST,VNS,DEL,7:10,8:30,1:20:00,Non Stop,28/12/2021,2735
GO FIRST,VNS,DEL,17:00,18:25,1:25:00,Non Stop,28/12/2021,2735
SpiceJet,VNS,DEL,19:20,21:10,1:50:00,Non Stop,28/12/2021,2744
SpiceJet,VNS,DEL,8:50,10:40,1:50:00,Non Stop,28/12/2021,2744
Indigo,VNS,DEL,12:30,14:00,1:30:00,Non Stop,28/12/2021,2783
SpiceJet,VNS,DEL,8:50,10:40,1:50:00,Non Stop,28/12/2021,2989
SpiceJet,VNS,DEL,19:20,21:10,1:50:00,Non Stop,28/12/2021,2989
Air India,VNS,DEL,12:10,13:45,1:35:00,Non Stop,28/12/2021,4299
GO FIRST,VNS,AMD,13:10,15:10,10:20:00,1 Stops,28/12/2021,6124
GO FIRST,VNS,AMD,13:10,15:10,10:20:00,1 Stops,28/12/2021,6124
GO FIRST,VNS,AMD,13:10,15:10,6:05:00,1 Stops,28/12/2021,6124
GO FIRST,VNS,AMD,13:10,15:10,10:20:00,1 Stops,28/12/2021,6124
GO FIRST,VNS,AMD,13:10,15:10,6:05:00,1 Stops,28/12/2021,6124
GO FIRST,VNS,AMD,13:10,15:10,10:20:00,1 Stops,28/12/2021,6124
GO FIRST,VNS,AMD,13:10,15:10,6:05:00,1 Stops,28/12/2021,6124
GO FIRST,VNS,AMD,13:10,15:10,6:05:00,1 Stops,28/12/2021,6124
Air India,VNS,BOM,13:20,15:40,7:10:00,1 Stops,28/12/2021,6212
Air India,VNS,BOM,13:20,15:40,10:10:00,1 Stops,28/12/2021,6212
Air India,VNS,BOM,13:20,15:40,1.06:00:00,1 Stops,28/12/2021,6212
GO FIRST,VNS,AMD,13:10,15:10,6:05:00,1 Stops,28/12/2021,6300
GO FIRST,VNS,AMD,13:10,15:10,10:20:00,1 Stops,28/12/2021,6300
Vistara,VNS,BOM,16:10,18:20,8:45:00,1 Stops,28/12/2021,6319
Vistara,VNS,BOM,16:10,18:20,15:55:00,1 Stops,28/12/2021,6319
GO FIRST,VNS,AMD,13:10,15:10,6:05:00,1 Stops,28/12/2021,6350
GO FIRST,VNS,AMD,13:10,15:10,10:20:00,1 Stops,28/12/2021,6350
Vistara,VNS,BOM,16:10,18:20,8:00:00,1 Stops,28/12/2021,6518
Air India,VNS,BOM,13:20,15:40,19:35:00,1 Stops,28/12/2021,6527
Air India,VNS,BOM,13:20,15:40,20:55:00,1 Stops,28/12/2021,6527
GO FIRST,VNS,BOM,13:50,16:15,11:00:00,1 Stops,28/12/2021,6640
GO FIRST,VNS,BOM,13:50,16:15,9:40:00,1 Stops,28/12/2021,6640
GO FIRST,VNS,BOM,13:50,16:15,12:10:00,1 Stops,28/12/2021,6640
GO FIRST,VNS,BOM,13:50,16:15,11:00:00,1 Stops,28/12/2021,6640
GO FIRST,VNS,BOM,13:50,16:15,9:40:00,1 Stops,28/12/2021,6640
GO FIRST,VNS,BOM,13:50,16:15,8:35:00,1 Stops,28/12/2021,6640
GO FIRST,VNS,BOM,13:50,16:15,12:10:00,1 Stops,28/12/2021,6640
GO FIRST,VNS,BOM,13:50,16:15,8:35:00,1 Stops,28/12/2021,6640
GO FIRST,VNS,BOM,13:50,16:15,9:40:00,1 Stops,28/12/2021,6640
GO FIRST,VNS,BOM,13:50,16:15,8:35:00,1 Stops,28/12/2021,6640
GO FIRST,VNS,BOM,13:50,16:15,12:10:00,1 Stops,28/12/2021,6640
GO FIRST,VNS,BOM,13:50,16:15,11:00:00,1 Stops,28/12/2021,6640
GO FIRST,VNS,BOM,13:50,16:15,9:40:00,1 Stops,28/12/2021,6640
GO FIRST,VNS,BOM,13:50,16:15,12:10:00,1 Stops,28/12/2021,6640
GO FIRST,VNS,BOM,13:50,16:15,8:35:00,1 Stops,28/12/2021,6640
GO FIRST,VNS,BOM,13:50,16:15,11:00:00,1 Stops,28/12/2021,6640
GO FIRST,VNS,BOM,13:50,16:15,12:10:00,1 Stops,28/12/2021,6834
GO FIRST,VNS,BOM,13:50,16:15,11:00:00,1 Stops,28/12/2021,6834
GO FIRST,VNS,BOM,13:50,16:15,9:40:00,1 Stops,28/12/2021,6834
GO FIRST,VNS,BOM,13:50,16:15,8:35:00,1 Stops,28/12/2021,6834
Vistara,VNS,BOM,16:10,18:20,21:55:00,1 Stops,28/12/2021,6844
Vistara,VNS,BOM,16:10,18:20,1.01:55:00,1 Stops,28/12/2021,6844
Vistara,VNS,BOM,16:10,18:20,16:25:00,1 Stops,28/12/2021,6844
GO FIRST,VNS,BOM,13:50,16:15,12:10:00,1 Stops,28/12/2021,6884
GO FIRST,VNS,BOM,13:50,16:15,11:00:00,1 Stops,28/12/2021,6884
GO FIRST,VNS,BOM,13:50,16:15,8:35:00,1 Stops,28/12/2021,6884
GO FIRST,VNS,BOM,13:50,16:15,9:40:00,1 Stops,28/12/2021,6884
Air India,VNS,BOM,13:20,15:40,22:55:00,1 Stops,28/12/2021,6947
Vistara,VNS,BOM,16:10,18:20,6:50:00,1 Stops,28/12/2021,7054
Vistara,VNS,BOM,16:10,18:20,1.00:45:00,1 Stops,28/12/2021,7369
Vistara,VNS,BOM,16:10,18:20,20:30:00,1 Stops,28/12/2021,7369
Vistara,VNS,BOM,16:10,18:20,17:30:00,1 Stops,28/12/2021,7369
Vistara,VNS,BOM,16:10,18:20,18:50:00,1 Stops,28/12/2021,7369
Vistara,VNS,BOM,16:10,18:20,1.03:30:00,1 Stops,28/12/2021,7369
Air India,VNS,BOM,13:20,15:40,7:55:00,1 Stops,28/12/2021,7472
GO FIRST,VNS,BLR,11:10,13:30,12:40:00,1 Stops,28/12/2021,7739
GO FIRST,VNS,BLR,11:10,13:30,12:40:00,1 Stops,28/12/2021,7739
GO FIRST,VNS,BLR,11:10,13:30,12:40:00,1 Stops,28/12/2021,7761
GO FIRST,VNS,BLR,11:10,13:30,12:40:00,1 Stops,28/12/2021,7761
Vistara,VNS,BOM,16:10,18:20,5:45:00,1 Stops,28/12/2021,7894
Air India,VNS,BOM,13:20,15:40,1.07:05:00,2 Stops,28/12/2021,7948
GO FIRST,VNS,BLR,11:10,13:30,12:40:00,1 Stops,28/12/2021,7968
GO FIRST,VNS,BLR,11:10,13:30,12:40:00,1 Stops,28/12/2021,8043
Air India,VNS,BOM,13:20,15:40,9:45:00,2 Stops,28/12/2021,8998
Air India,VNS,BOM,13:20,15:40,21:50:00,1 Stops,28/12/2021,9047
Air India,VNS,BOM,13:20,15:40,10:35:00,2 Stops,28/12/2021,10967
Air India,VNS,BOM,13:20,15:40,14:20:00,2 Stops,28/12/2021,13023
Air India,VNS,BOM,13:20,15:40,10:45:00,2 Stops,28/12/2021,14335
Indigo,VNS,DEL,22:05,23:40,1:35:00,Non Stop,29/11/2021,5433
Indigo,VNS,DEL,22:05,23:40,1:35:00,Non Stop,29/11/2021,5591
SpiceJet,VNS,DEL,19:20,21:10,1:50:00,Non Stop,29/11/2021,6168
SpiceJet,VNS,DEL,19:20,21:10,1:50:00,Non Stop,29/11/2021,6168
Indigo,VNS,DEL,19:50,21:20,1:30:00,Non Stop,29/11/2021,7113
SpiceJet,VNS,DEL,19:20,21:10,1:50:00,Non Stop,29/11/2021,7128
Indigo,VNS,DEL,19:50,21:20,1:30:00,Non Stop,29/11/2021,7271
SpiceJet,VNS,DEL,19:20,21:10,1:50:00,Non Stop,29/11/2021,7525
Indigo,VNS,DEL,17:25,18:55,1:30:00,Non Stop,29/11/2021,8268
Indigo,VNS,DEL,17:25,18:55,1:30:00,Non Stop,29/11/2021,8426
Indigo,VNS,DEL,12:30,14:00,1:30:00,Non Stop,29/11/2021,9423
Indigo,VNS,DEL,12:30,14:00,1:30:00,Non Stop,29/11/2021,9581
Vistara,VNS,DEL,15:20,16:50,1:30:00,Non Stop,29/11/2021,9669
SpiceJet,VNS,DEL,8:50,10:40,1:50:00,Non Stop,29/11/2021,9738
SpiceJet,VNS,DEL,8:50,10:40,1:50:00,Non Stop,29/11/2021,9738
Air India,VNS,DEL,12:10,13:45,1:35:00,Non Stop,29/11/2021,10368
SpiceJet,VNS,DEL,8:50,10:40,1:50:00,Non Stop,29/11/2021,10720
GO FIRST,VNS,BOM,13:50,16:15,9:40:00,1 Stops,29/11/2021,11702
GO FIRST,VNS,BOM,13:50,16:15,12:10:00,1 Stops,29/11/2021,11702
GO FIRST,VNS,BOM,13:50,16:15,11:00:00,1 Stops,29/11/2021,11702
GO FIRST,VNS,BOM,13:50,16:15,9:40:00,1 Stops,29/11/2021,11702
GO FIRST,VNS,BOM,13:50,16:15,8:35:00,1 Stops,29/11/2021,11702
GO FIRST,VNS,BOM,13:50,16:15,6:20:00,1 Stops,29/11/2021,11702
GO FIRST,VNS,BOM,13:50,16:15,12:10:00,1 Stops,29/11/2021,11702
GO FIRST,VNS,BOM,13:50,16:15,11:00:00,1 Stops,29/11/2021,11702
GO FIRST,VNS,BOM,13:50,16:15,8:35:00,1 Stops,29/11/2021,11702
GO FIRST,VNS,BOM,13:50,16:15,9:40:00,1 Stops,29/11/2021,11702
GO FIRST,VNS,BOM,13:50,16:15,12:10:00,1 Stops,29/11/2021,11702
GO FIRST,VNS,BOM,13:50,16:15,11:00:00,1 Stops,29/11/2021,11702
GO FIRST,VNS,BOM,13:50,16:15,6:20:00,1 Stops,29/11/2021,11702
GO FIRST,VNS,BOM,13:50,16:15,8:35:00,1 Stops,29/11/2021,11702
GO FIRST,VNS,BOM,13:50,16:15,6:20:00,1 Stops,29/11/2021,11702
GO FIRST,VNS,BOM,13:50,16:15,12:10:00,1 Stops,29/11/2021,11702
GO FIRST,VNS,BOM,13:50,16:15,11:00:00,1 Stops,29/11/2021,11702
GO FIRST,VNS,BOM,13:50,16:15,9:40:00,1 Stops,29/11/2021,11702
GO FIRST,VNS,BOM,13:50,16:15,8:35:00,1 Stops,29/11/2021,11702
GO FIRST,VNS,BOM,13:50,16:15,6:20:00,1 Stops,29/11/2021,11702
SpiceJet,VNS,DEL,8:50,10:40,1:50:00,Non Stop,29/11/2021,11885
GO FIRST,VNS,BOM,13:50,16:15,12:10:00,1 Stops,29/11/2021,12064
GO FIRST,VNS,BOM,13:50,16:15,11:00:00,1 Stops,29/11/2021,12064
GO FIRST,VNS,BOM,13:50,16:15,9:40:00,1 Stops,29/11/2021,12064
GO FIRST,VNS,BOM,13:50,16:15,8:35:00,1 Stops,29/11/2021,12064
GO FIRST,VNS,BOM,13:50,16:15,6:20:00,1 Stops,29/11/2021,12064
GO FIRST,VNS,BOM,13:50,16:15,11:00:00,1 Stops,29/11/2021,12114
GO FIRST,VNS,BOM,13:50,16:15,9:40:00,1 Stops,29/11/2021,12114
GO FIRST,VNS,BOM,13:50,16:15,8:35:00,1 Stops,29/11/2021,12114
GO FIRST,VNS,BOM,13:50,16:15,6:20:00,1 Stops,29/11/2021,12114
GO FIRST,VNS,BOM,13:50,16:15,12:10:00,1 Stops,29/11/2021,12114
Vistara,VNS,BOM,16:10,18:20,17:30:00,1 Stops,29/11/2021,12258
Vistara,VNS,BOM,16:10,18:20,1.03:30:00,1 Stops,29/11/2021,12258
Vistara,VNS,BOM,16:10,18:20,1.01:55:00,1 Stops,29/11/2021,12258
Vistara,VNS,BOM,16:10,18:20,1.00:45:00,1 Stops,29/11/2021,12258
Vistara,VNS,BOM,16:10,18:20,21:55:00,1 Stops,29/11/2021,12258
Vistara,VNS,BOM,16:10,18:20,20:30:00,1 Stops,29/11/2021,12258
Vistara,VNS,BOM,16:10,18:20,18:50:00,1 Stops,29/11/2021,12258
Vistara,VNS,BOM,16:10,18:20,16:25:00,1 Stops,29/11/2021,12258
Vistara,VNS,BOM,16:10,18:20,8:45:00,1 Stops,29/11/2021,12258
Vistara,VNS,BOM,16:10,18:20,8:00:00,1 Stops,29/11/2021,12258
Vistara,VNS,BOM,16:10,18:20,15:55:00,1 Stops,29/11/2021,12258
Vistara,VNS,BOM,16:10,18:20,5:45:00,1 Stops,29/11/2021,12258
Vistara,VNS,BOM,16:10,18:20,6:50:00,1 Stops,29/11/2021,12258
Vistara,VNS,BOM,16:10,18:20,22:20:00,1 Stops,29/11/2021,12363
GO FIRST,VNS,BLR,11:10,13:30,10:40:00,2 Stops,29/11/2021,13173
GO FIRST,VNS,BLR,11:10,13:30,12:40:00,1 Stops,29/11/2021,13173
GO FIRST,VNS,BLR,11:10,13:30,12:40:00,1 Stops,29/11/2021,13173
GO FIRST,VNS,BLR,11:10,13:30,10:40:00,2 Stops,29/11/2021,13173
GO FIRST,VNS,DEL,7:10,8:30,1:20:00,Non Stop,29/11/2021,13832
GO FIRST,VNS,DEL,7:10,8:30,1:20:00,Non Stop,29/11/2021,13832
GO FIRST,VNS,DEL,7:10,8:30,1:20:00,Non Stop,29/11/2021,13832
GO FIRST,VNS,DEL,7:10,8:30,1:20:00,Non Stop,29/11/2021,13832
GO FIRST,VNS,DEL,7:10,8:30,1:20:00,Non Stop,29/11/2021,14264
GO FIRST,VNS,DEL,17:00,18:25,1:25:00,Non Stop,29/11/2021,14568
GO FIRST,VNS,DEL,17:00,18:25,1:25:00,Non Stop,29/11/2021,14568
GO FIRST,VNS,DEL,17:00,18:25,1:25:00,Non Stop,29/11/2021,14568
GO FIRST,VNS,DEL,17:00,18:25,1:25:00,Non Stop,29/11/2021,14568
Indigo,VNS,DEL,7:00,8:35,1:35:00,Non Stop,29/11/2021,14568
Indigo,VNS,DEL,7:00,8:35,1:35:00,Non Stop,29/11/2021,14568
GO FIRST,VNS,BLR,11:10,13:30,12:40:00,1 Stops,29/11/2021,14673
GO FIRST,VNS,BLR,11:10,13:30,12:40:00,1 Stops,29/11/2021,14673
GO FIRST,VNS,DEL,17:00,18:25,1:25:00,Non Stop,29/11/2021,15025
GO FIRST,VNS,BLR,11:10,13:30,12:40:00,1 Stops,29/11/2021,15134
GO FIRST,VNS,DEL,7:10,8:30,1:20:00,Non Stop,29/11/2021,15183
GO FIRST,VNS,BLR,11:10,13:30,12:40:00,1 Stops,29/11/2021,15184
Air India,VNS,BOM,13:20,15:40,1.06:00:00,1 Stops,29/11/2021,16143
Air India,VNS,BOM,13:20,15:40,21:50:00,1 Stops,29/11/2021,16143
Air India,VNS,BOM,13:20,15:40,20:55:00,1 Stops,29/11/2021,16143
Air India,VNS,BOM,13:20,15:40,19:50:00,1 Stops,29/11/2021,16143
Air India,VNS,BOM,13:20,15:40,22:55:00,1 Stops,29/11/2021,16143
Air India,VNS,BOM,13:20,15:40,7:55:00,1 Stops,29/11/2021,16143
Air India,VNS,BOM,13:20,15:40,7:10:00,1 Stops,29/11/2021,16143
Air India,VNS,BOM,13:20,15:40,10:10:00,1 Stops,29/11/2021,16143
GO FIRST,VNS,DEL,17:00,18:25,1:25:00,Non Stop,29/11/2021,16161
Air India,VNS,BOM,13:20,15:40,19:25:00,2 Stops,29/11/2021,17291
Air India,VNS,BOM,13:20,15:40,1.09:40:00,2 Stops,29/11/2021,17291
Air India,VNS,BOM,13:20,15:40,1.09:40:00,2 Stops,29/11/2021,17291
Air India,VNS,BOM,13:20,15:40,1.05:10:00,2 Stops,29/11/2021,18551
Air India,VNS,BOM,13:20,15:40,1.05:10:00,2 Stops,29/11/2021,18551
Air India,VNS,BOM,13:20,15:40,1.00:30:00,2 Stops,29/11/2021,18971
Air India,VNS,BOM,13:20,15:40,1.00:30:00,2 Stops,29/11/2021,18971
Air India,VNS,BOM,13:20,15:40,10:35:00,2 Stops,29/11/2021,22338
Air India,VNS,BOM,13:20,15:40,9:45:00,2 Stops,29/11/2021,23388
Air India,VNS,BOM,13:20,15:40,10:45:00,2 Stops,29/11/2021,24137
Air India,VNS,BOM,13:20,15:40,11:10:00,2 Stops,29/11/2021,26433
GO FIRST,VNS,DEL,7:10,8:30,1:20:00,Non Stop,29/12/2021,2192
GO FIRST,VNS,DEL,7:10,8:30,1:20:00,Non Stop,29/12/2021,2192
Indigo,VNS,DEL,19:50,21:20,1:30:00,Non Stop,29/12/2021,2192
Indigo,VNS,DEL,7:00,8:35,1:35:00,Non Stop,29/12/2021,2192
GO FIRST,VNS,DEL,7:10,8:30,1:20:00,Non Stop,29/12/2021,2195
GO FIRST,VNS,DEL,7:10,8:30,1:20:00,Non Stop,29/12/2021,2195
SpiceJet,VNS,DEL,8:50,10:40,1:50:00,Non Stop,29/12/2021,2196
SpiceJet,VNS,DEL,19:20,21:10,1:50:00,Non Stop,29/12/2021,2196
SpiceJet,VNS,DEL,8:50,10:40,1:50:00,Non Stop,29/12/2021,2196
SpiceJet,VNS,DEL,19:20,21:10,1:50:00,Non Stop,29/12/2021,2196
Vistara,VNS,DEL,15:20,16:50,1:30:00,Non Stop,29/12/2021,2221
GO FIRST,VNS,DEL,7:10,8:30,1:20:00,Non Stop,29/12/2021,2240
Indigo,VNS,DEL,12:30,14:00,1:30:00,Non Stop,29/12/2021,2300
Indigo,VNS,DEL,19:50,21:20,1:30:00,Non Stop,29/12/2021,2349
Indigo,VNS,DEL,7:00,8:35,1:35:00,Non Stop,29/12/2021,2349
Indigo,VNS,DEL,12:30,14:00,1:30:00,Non Stop,29/12/2021,2457
Indigo,VNS,DEL,17:25,18:50,1:25:00,Non Stop,29/12/2021,2508
Air India,VNS,DEL,12:10,13:45,1:35:00,Non Stop,29/12/2021,2535
GO FIRST,VNS,DEL,17:00,18:25,1:25:00,Non Stop,29/12/2021,2626
GO FIRST,VNS,DEL,17:00,18:25,1:25:00,Non Stop,29/12/2021,2626
GO FIRST,VNS,DEL,17:00,18:25,1:25:00,Non Stop,29/12/2021,2626
GO FIRST,VNS,DEL,17:00,18:25,1:25:00,Non Stop,29/12/2021,2626
Indigo,VNS,DEL,17:25,18:50,1:25:00,Non Stop,29/12/2021,2665
GO FIRST,VNS,DEL,17:00,18:25,1:25:00,Non Stop,29/12/2021,2685
GO FIRST,VNS,DEL,7:10,8:30,1:20:00,Non Stop,29/12/2021,2735
GO FIRST,VNS,DEL,17:00,18:25,1:25:00,Non Stop,29/12/2021,2735
SpiceJet,VNS,DEL,19:20,21:10,1:50:00,Non Stop,29/12/2021,2744
SpiceJet,VNS,DEL,8:50,10:40,1:50:00,Non Stop,29/12/2021,2744
SpiceJet,VNS,DEL,8:50,10:40,1:50:00,Non Stop,29/12/2021,2989
SpiceJet,VNS,DEL,19:20,21:10,1:50:00,Non Stop,29/12/2021,2989
Vistara,VNS,BOM,16:10,18:20,8:00:00,1 Stops,29/12/2021,5969
Vistara,VNS,BOM,16:10,18:20,8:45:00,1 Stops,29/12/2021,5969
Vistara,VNS,BOM,16:10,18:20,15:55:00,1 Stops,29/12/2021,5969
GO FIRST,VNS,AMD,13:10,15:10,6:05:00,1 Stops,29/12/2021,6124
GO FIRST,VNS,AMD,13:10,15:10,10:20:00,1 Stops,29/12/2021,6124
GO FIRST,VNS,AMD,13:10,15:10,6:05:00,1 Stops,29/12/2021,6124
GO FIRST,VNS,AMD,13:10,15:10,10:20:00,1 Stops,29/12/2021,6124
GO FIRST,VNS,AMD,13:10,15:10,6:05:00,1 Stops,29/12/2021,6124
GO FIRST,VNS,AMD,13:10,15:10,10:20:00,1 Stops,29/12/2021,6124
GO FIRST,VNS,AMD,13:10,15:10,6:05:00,1 Stops,29/12/2021,6124
GO FIRST,VNS,AMD,13:10,15:10,10:20:00,1 Stops,29/12/2021,6124
GO FIRST,VNS,AMD,13:10,15:10,10:20:00,1 Stops,29/12/2021,6300
GO FIRST,VNS,AMD,13:10,15:10,6:05:00,1 Stops,29/12/2021,6300
GO FIRST,VNS,AMD,13:10,15:10,10:20:00,1 Stops,29/12/2021,6350
GO FIRST,VNS,AMD,13:10,15:10,6:05:00,1 Stops,29/12/2021,6350
Vistara,VNS,BOM,16:10,18:20,1.01:55:00,1 Stops,29/12/2021,6494
Vistara,VNS,BOM,16:10,18:20,21:55:00,1 Stops,29/12/2021,6494
Vistara,VNS,BOM,16:10,18:20,16:25:00,1 Stops,29/12/2021,6494
GO FIRST,VNS,BOM,13:50,16:15,12:10:00,1 Stops,29/12/2021,6640
GO FIRST,VNS,BOM,13:50,16:15,12:10:00,1 Stops,29/12/2021,6640
GO FIRST,VNS,BOM,13:50,16:15,11:00:00,1 Stops,29/12/2021,6640
GO FIRST,VNS,BOM,13:50,16:15,9:40:00,1 Stops,29/12/2021,6640
GO FIRST,VNS,BOM,13:50,16:15,11:00:00,1 Stops,29/12/2021,6640
GO FIRST,VNS,BOM,13:50,16:15,9:40:00,1 Stops,29/12/2021,6640
GO FIRST,VNS,BOM,13:50,16:15,12:10:00,1 Stops,29/12/2021,6640
GO FIRST,VNS,BOM,13:50,16:15,11:00:00,1 Stops,29/12/2021,6640
GO FIRST,VNS,BOM,13:50,16:15,12:10:00,1 Stops,29/12/2021,6640
GO FIRST,VNS,BOM,13:50,16:15,9:40:00,1 Stops,29/12/2021,6640
GO FIRST,VNS,BOM,13:50,16:15,11:00:00,1 Stops,29/12/2021,6640
GO FIRST,VNS,BOM,13:50,16:15,9:40:00,1 Stops,29/12/2021,6640
Vistara,VNS,BOM,16:10,18:20,6:50:00,1 Stops,29/12/2021,6704
GO FIRST,VNS,BOM,13:50,16:15,12:10:00,1 Stops,29/12/2021,6834
GO FIRST,VNS,BOM,13:50,16:15,9:40:00,1 Stops,29/12/2021,6834
GO FIRST,VNS,BOM,13:50,16:15,11:00:00,1 Stops,29/12/2021,6834
Air India,VNS,BOM,13:20,15:40,1.06:00:00,1 Stops,29/12/2021,6858
GO FIRST,VNS,BOM,13:50,16:15,9:40:00,1 Stops,29/12/2021,6884
GO FIRST,VNS,BOM,13:50,16:15,12:10:00,1 Stops,29/12/2021,6884
GO FIRST,VNS,BOM,13:50,16:15,11:00:00,1 Stops,29/12/2021,6884
Vistara,VNS,BOM,16:10,18:20,17:30:00,1 Stops,29/12/2021,7019
Air India,VNS,BOM,13:20,15:40,10:10:00,1 Stops,29/12/2021,7173
Air India,VNS,BOM,13:20,15:40,19:35:00,1 Stops,29/12/2021,7173
Vistara,VNS,BOM,16:10,18:20,18:50:00,1 Stops,29/12/2021,7229
Vistara,VNS,BOM,16:10,18:20,1.03:30:00,1 Stops,29/12/2021,7229
Vistara,VNS,BOM,16:10,18:20,5:45:00,1 Stops,29/12/2021,7544
Air India,VNS,BOM,13:20,15:40,20:55:00,1 Stops,29/12/2021,7593
GO FIRST,VNS,BLR,11:10,13:30,12:40:00,1 Stops,29/12/2021,7739
GO FIRST,VNS,BLR,11:10,13:30,12:40:00,1 Stops,29/12/2021,7739
Vistara,VNS,BOM,16:10,18:20,20:30:00,1 Stops,29/12/2021,7754
Vistara,VNS,BOM,16:10,18:20,1.00:45:00,1 Stops,29/12/2021,7754
GO FIRST,VNS,BLR,11:10,13:30,12:40:00,1 Stops,29/12/2021,7761
GO FIRST,VNS,BLR,11:10,13:30,12:40:00,1 Stops,29/12/2021,7761
GO FIRST,VNS,BLR,11:10,13:30,12:40:00,1 Stops,29/12/2021,7968
GO FIRST,VNS,BLR,11:10,13:30,12:40:00,1 Stops,29/12/2021,8043
Air India,VNS,BOM,13:20,15:40,7:10:00,1 Stops,29/12/2021,8118
Air India,VNS,BOM,13:20,15:40,22:55:00,1 Stops,29/12/2021,8118
Air India,VNS,BOM,13:20,15:40,1.09:40:00,2 Stops,29/12/2021,8212
Air India,VNS,BOM,13:20,15:40,1.09:40:00,2 Stops,29/12/2021,8212
Air India,VNS,BOM,13:20,15:40,21:50:00,1 Stops,29/12/2021,8538
Air India,VNS,BOM,13:20,15:40,7:55:00,1 Stops,29/12/2021,8538
Air India,VNS,BOM,13:20,15:40,10:05:00,2 Stops,29/12/2021,8542
Air India,VNS,BOM,13:20,15:40,19:25:00,2 Stops,29/12/2021,9129
Air India,VNS,BOM,13:20,15:40,1.00:30:00,2 Stops,29/12/2021,9129
Air India,VNS,BOM,13:20,15:40,1.00:30:00,2 Stops,29/12/2021,9129
Air India,VNS,BOM,13:20,15:40,1.05:10:00,2 Stops,29/12/2021,9549
Air India,VNS,BOM,13:20,15:40,1.05:10:00,2 Stops,29/12/2021,9549
Air India,VNS,BOM,13:20,15:40,10:35:00,2 Stops,29/12/2021,11822
Air India,VNS,BOM,13:20,15:40,11:10:00,2 Stops,29/12/2021,14976
Air India,VNS,BOM,13:20,15:40,10:45:00,2 Stops,29/12/2021,14981
GO FIRST,VNS,DEL,7:10,8:30,1:20:00,Non Stop,30/11/2021,5432
GO FIRST,VNS,DEL,7:10,8:30,1:20:00,Non Stop,30/11/2021,5432
GO FIRST,VNS,DEL,7:10,8:30,1:20:00,Non Stop,30/11/2021,5432
GO FIRST,VNS,DEL,7:10,8:30,1:20:00,Non Stop,30/11/2021,5432
Indigo,VNS,DEL,22:05,23:40,1:35:00,Non Stop,30/11/2021,5433
GO FIRST,VNS,DEL,7:10,8:30,1:20:00,Non Stop,30/11/2021,5586
Indigo,VNS,DEL,22:05,23:40,1:35:00,Non Stop,30/11/2021,5591
GO FIRST,VNS,DEL,7:10,8:30,1:20:00,Non Stop,30/11/2021,5636
SpiceJet,VNS,DEL,19:20,21:10,1:50:00,Non Stop,30/11/2021,6482
SpiceJet,VNS,DEL,19:20,21:10,1:50:00,Non Stop,30/11/2021,6482
SpiceJet,VNS,DEL,8:50,10:40,1:50:00,Non Stop,30/11/2021,7218
SpiceJet,VNS,DEL,8:50,10:40,1:50:00,Non Stop,30/11/2021,7218
SpiceJet,VNS,DEL,19:20,21:10,1:50:00,Non Stop,30/11/2021,7500
Indigo,VNS,DEL,7:00,8:35,1:35:00,Non Stop,30/11/2021,7848
Indigo,VNS,DEL,19:50,21:20,1:30:00,Non Stop,30/11/2021,7848
SpiceJet,VNS,DEL,19:20,21:10,1:50:00,Non Stop,30/11/2021,7911
Indigo,VNS,DEL,7:00,8:35,1:35:00,Non Stop,30/11/2021,8006
Indigo,VNS,DEL,19:50,21:20,1:30:00,Non Stop,30/11/2021,8006
Indigo,VNS,DEL,12:30,14:00,1:30:00,Non Stop,30/11/2021,8268
SpiceJet,VNS,DEL,8:50,10:40,1:50:00,Non Stop,30/11/2021,8366
Indigo,VNS,DEL,12:30,14:00,1:30:00,Non Stop,30/11/2021,8426
Vistara,VNS,DEL,15:20,16:50,1:30:00,Non Stop,30/11/2021,8636
SpiceJet,VNS,DEL,8:50,10:40,1:50:00,Non Stop,30/11/2021,8806
GO FIRST,VNS,DEL,17:00,18:25,1:25:00,Non Stop,30/11/2021,8834
GO FIRST,VNS,DEL,17:00,18:25,1:25:00,Non Stop,30/11/2021,9422
GO FIRST,VNS,DEL,17:00,18:25,1:25:00,Non Stop,30/11/2021,9422
GO FIRST,VNS,DEL,17:00,18:25,1:25:00,Non Stop,30/11/2021,9422
Indigo,VNS,DEL,17:25,18:55,1:30:00,Non Stop,30/11/2021,9423
Air India,VNS,DEL,12:10,13:45,1:35:00,Non Stop,30/11/2021,9528
Indigo,VNS,DEL,17:25,18:55,1:30:00,Non Stop,30/11/2021,9581
GO FIRST,VNS,DEL,17:00,18:25,1:25:00,Non Stop,30/11/2021,9708
GO FIRST,VNS,DEL,17:00,18:25,1:25:00,Non Stop,30/11/2021,9758
GO FIRST,VNS,BOM,13:50,16:15,12:10:00,1 Stops,30/11/2021,11324
GO FIRST,VNS,BOM,13:50,16:15,11:00:00,1 Stops,30/11/2021,11324
GO FIRST,VNS,BOM,13:50,16:15,9:40:00,1 Stops,30/11/2021,11324
GO FIRST,VNS,BOM,13:50,16:15,8:35:00,1 Stops,30/11/2021,11324
GO FIRST,VNS,BOM,13:50,16:15,6:20:00,1 Stops,30/11/2021,11324
GO FIRST,VNS,BOM,13:50,16:15,11:00:00,1 Stops,30/11/2021,11324
GO FIRST,VNS,BOM,13:50,16:15,9:40:00,1 Stops,30/11/2021,11324
GO FIRST,VNS,BOM,13:50,16:15,8:35:00,1 Stops,30/11/2021,11324
GO FIRST,VNS,BOM,13:50,16:15,6:20:00,1 Stops,30/11/2021,11324
GO FIRST,VNS,BOM,13:50,16:15,12:10:00,1 Stops,30/11/2021,11324
GO FIRST,VNS,BOM,13:50,16:15,9:40:00,1 Stops,30/11/2021,11702
GO FIRST,VNS,BOM,13:50,16:15,12:10:00,1 Stops,30/11/2021,11702
GO FIRST,VNS,BOM,13:50,16:15,11:00:00,1 Stops,30/11/2021,11702
GO FIRST,VNS,BOM,13:50,16:15,6:20:00,1 Stops,30/11/2021,11702
GO FIRST,VNS,BOM,13:50,16:15,8:35:00,1 Stops,30/11/2021,11702
GO FIRST,VNS,BOM,13:50,16:15,11:00:00,1 Stops,30/11/2021,11702
GO FIRST,VNS,BOM,13:50,16:15,9:40:00,1 Stops,30/11/2021,11702
GO FIRST,VNS,BOM,13:50,16:15,8:35:00,1 Stops,30/11/2021,11702
GO FIRST,VNS,BOM,13:50,16:15,6:20:00,1 Stops,30/11/2021,11702
GO FIRST,VNS,BOM,13:50,16:15,12:10:00,1 Stops,30/11/2021,11702
GO FIRST,VNS,BOM,13:50,16:15,12:10:00,1 Stops,30/11/2021,12064
GO FIRST,VNS,BOM,13:50,16:15,11:00:00,1 Stops,30/11/2021,12064
GO FIRST,VNS,BOM,13:50,16:15,9:40:00,1 Stops,30/11/2021,12064
GO FIRST,VNS,BOM,13:50,16:15,6:20:00,1 Stops,30/11/2021,12064
GO FIRST,VNS,BOM,13:50,16:15,8:35:00,1 Stops,30/11/2021,12064
GO FIRST,VNS,BOM,13:50,16:15,11:00:00,1 Stops,30/11/2021,12114
GO FIRST,VNS,BOM,13:50,16:15,9:40:00,1 Stops,30/11/2021,12114
GO FIRST,VNS,BOM,13:50,16:15,8:35:00,1 Stops,30/11/2021,12114
GO FIRST,VNS,BOM,13:50,16:15,6:20:00,1 Stops,30/11/2021,12114
GO FIRST,VNS,BOM,13:50,16:15,12:10:00,1 Stops,30/11/2021,12114
GO FIRST,VNS,BLR,11:10,13:30,9:10:00,2 Stops,30/11/2021,13173
GO FIRST,VNS,BLR,11:10,13:30,10:40:00,2 Stops,30/11/2021,13173
GO FIRST,VNS,BLR,11:10,13:30,12:40:00,1 Stops,30/11/2021,13173
GO FIRST,VNS,BLR,11:10,13:30,9:10:00,2 Stops,30/11/2021,13173
GO FIRST,VNS,BLR,11:10,13:30,10:40:00,2 Stops,30/11/2021,13173
GO FIRST,VNS,BLR,11:10,13:30,12:40:00,1 Stops,30/11/2021,13173
Vistara,VNS,BOM,16:10,18:20,18:50:00,1 Stops,30/11/2021,13413
Vistara,VNS,BOM,16:10,18:20,16:25:00,1 Stops,30/11/2021,13413
Vistara,VNS,BOM,16:10,18:20,8:45:00,1 Stops,30/11/2021,13413
Vistara,VNS,BOM,16:10,18:20,15:55:00,1 Stops,30/11/2021,13413
Vistara,VNS,BOM,16:10,18:20,6:50:00,1 Stops,30/11/2021,13413
Vistara,VNS,BOM,16:10,18:20,5:45:00,1 Stops,30/11/2021,13413
Vistara,VNS,BOM,16:10,18:20,8:00:00,1 Stops,30/11/2021,13413
Vistara,VNS,BOM,16:10,18:20,17:30:00,1 Stops,30/11/2021,13833
GO FIRST,VNS,BLR,11:10,13:30,12:40:00,1 Stops,30/11/2021,14673
GO FIRST,VNS,BLR,11:10,13:30,12:40:00,1 Stops,30/11/2021,14673
GO FIRST,VNS,BLR,11:10,13:30,12:40:00,1 Stops,30/11/2021,15134
GO FIRST,VNS,BLR,11:10,13:30,12:40:00,1 Stops,30/11/2021,15184
Air India,VNS,BOM,13:20,15:40,1.06:00:00,1 Stops,30/11/2021,16143
Air India,VNS,BOM,13:20,15:40,21:50:00,1 Stops,30/11/2021,16143
Air India,VNS,BOM,13:20,15:40,22:55:00,1 Stops,30/11/2021,16143
Air India,VNS,BOM,13:20,15:40,20:55:00,1 Stops,30/11/2021,16143
Air India,VNS,BOM,13:20,15:40,10:10:00,1 Stops,30/11/2021,16143
Air India,VNS,BOM,13:20,15:40,7:55:00,1 Stops,30/11/2021,16143
Air India,VNS,BOM,13:20,15:40,7:10:00,1 Stops,30/11/2021,16143
Air India,VNS,BOM,13:20,15:40,19:35:00,1 Stops,30/11/2021,16143
Air India,VNS,BOM,13:20,15:40,9:45:00,2 Stops,30/11/2021,16451
Air India,VNS,BOM,13:20,15:40,1.07:05:00,2 Stops,30/11/2021,17396
Air India,VNS,BOM,13:20,15:40,14:20:00,2 Stops,30/11/2021,21498
Air India,VNS,BOM,13:20,15:40,10:35:00,2 Stops,30/11/2021,22338
Air India,VNS,BOM,13:20,15:40,1.09:50:00,2 Stops,30/11/2021,23598
Air India,VNS,BOM,13:20,15:40,10:45:00,2 Stops,30/11/2021,24137
Air India,VNS,BOM,13:20,15:40,23:40:00,2 Stops,30/11/2021,24543
Air India,VNS,BOM,13:20,15:40,1.06:30:00,2 Stops,30/11/2021,24543
Air India,VNS,BOM,13:20,15:40,1.09:50:00,2 Stops,30/11/2021,24858
Air India,VNS,BOM,13:20,15:40,1.06:30:00,2 Stops,30/11/2021,25803
GO FIRST,VNS,DEL,7:10,8:30,1:20:00,Non Stop,30/12/2021,2192
GO FIRST,VNS,DEL,7:10,8:30,1:20:00,Non Stop,30/12/2021,2192
Indigo,VNS,DEL,7:00,8:35,1:35:00,Non Stop,30/12/2021,2192
Indigo,VNS,DEL,19:50,21:20,1:30:00,Non Stop,30/12/2021,2192
GO FIRST,VNS,DEL,7:10,8:30,1:20:00,Non Stop,30/12/2021,2195
GO FIRST,VNS,DEL,7:10,8:30,1:20:00,Non Stop,30/12/2021,2195
SpiceJet,VNS,DEL,19:20,21:10,1:50:00,Non Stop,30/12/2021,2196
SpiceJet,VNS,DEL,8:50,10:40,1:50:00,Non Stop,30/12/2021,2196
SpiceJet,VNS,DEL,19:20,21:10,1:50:00,Non Stop,30/12/2021,2196
SpiceJet,VNS,DEL,8:50,10:40,1:50:00,Non Stop,30/12/2021,2196
Vistara,VNS,DEL,15:20,16:50,1:30:00,Non Stop,30/12/2021,2221
GO FIRST,VNS,DEL,7:10,8:30,1:20:00,Non Stop,30/12/2021,2240
Indigo,VNS,DEL,17:25,18:50,1:25:00,Non Stop,30/12/2021,2300
Indigo,VNS,DEL,7:00,8:35,1:35:00,Non Stop,30/12/2021,2349
Indigo,VNS,DEL,19:50,21:20,1:30:00,Non Stop,30/12/2021,2349
Indigo,VNS,DEL,17:25,18:50,1:25:00,Non Stop,30/12/2021,2457
Indigo,VNS,DEL,12:30,14:00,1:30:00,Non Stop,30/12/2021,2625
GO FIRST,VNS,DEL,17:00,18:25,1:25:00,Non Stop,30/12/2021,2626
GO FIRST,VNS,DEL,17:00,18:25,1:25:00,Non Stop,30/12/2021,2626
GO FIRST,VNS,DEL,17:00,18:25,1:25:00,Non Stop,30/12/2021,2626
GO FIRST,VNS,DEL,17:00,18:25,1:25:00,Non Stop,30/12/2021,2626
GO FIRST,VNS,DEL,17:00,18:25,1:25:00,Non Stop,30/12/2021,2685
GO FIRST,VNS,DEL,17:00,18:25,1:25:00,Non Stop,30/12/2021,2735
GO FIRST,VNS,DEL,7:10,8:30,1:20:00,Non Stop,30/12/2021,2735
SpiceJet,VNS,DEL,8:50,10:40,1:50:00,Non Stop,30/12/2021,2744
SpiceJet,VNS,DEL,19:20,21:10,1:50:00,Non Stop,30/12/2021,2744
Indigo,VNS,DEL,12:30,14:00,1:30:00,Non Stop,30/12/2021,2783
SpiceJet,VNS,DEL,8:50,10:40,1:50:00,Non Stop,30/12/2021,2989
SpiceJet,VNS,DEL,19:20,21:10,1:50:00,Non Stop,30/12/2021,2989
Air India,VNS,DEL,12:10,13:45,1:35:00,Non Stop,30/12/2021,4299
GO FIRST,VNS,AMD,13:10,15:10,10:20:00,1 Stops,30/12/2021,6124
GO FIRST,VNS,AMD,13:10,15:10,6:05:00,1 Stops,30/12/2021,6124
GO FIRST,VNS,AMD,13:10,15:10,10:20:00,1 Stops,30/12/2021,6124
GO FIRST,VNS,AMD,13:10,15:10,6:05:00,1 Stops,30/12/2021,6124
GO FIRST,VNS,AMD,13:10,15:10,10:20:00,1 Stops,30/12/2021,6124
GO FIRST,VNS,AMD,13:10,15:10,10:20:00,1 Stops,30/12/2021,6124
GO FIRST,VNS,AMD,13:10,15:10,6:05:00,1 Stops,30/12/2021,6124
GO FIRST,VNS,AMD,13:10,15:10,6:05:00,1 Stops,30/12/2021,6124
Air India,VNS,BOM,13:20,15:40,19:35:00,1 Stops,30/12/2021,6212
GO FIRST,VNS,AMD,13:10,15:10,6:05:00,1 Stops,30/12/2021,6300
GO FIRST,VNS,AMD,13:10,15:10,10:20:00,1 Stops,30/12/2021,6300
Vistara,VNS,BOM,16:10,18:20,8:45:00,1 Stops,30/12/2021,6319
Vistara,VNS,BOM,16:10,18:20,8:00:00,1 Stops,30/12/2021,6319
Vistara,VNS,BOM,16:10,18:20,15:55:00,1 Stops,30/12/2021,6319
GO FIRST,VNS,AMD,13:10,15:10,6:05:00,1 Stops,30/12/2021,6350
GO FIRST,VNS,AMD,13:10,15:10,10:20:00,1 Stops,30/12/2021,6350
Air India,VNS,BOM,13:20,15:40,7:10:00,1 Stops,30/12/2021,6527
Air India,VNS,BOM,13:20,15:40,20:55:00,1 Stops,30/12/2021,6527
Air India,VNS,BOM,13:20,15:40,22:55:00,1 Stops,30/12/2021,6527
GO FIRST,VNS,BOM,13:50,16:15,11:00:00,1 Stops,30/12/2021,6640
GO FIRST,VNS,BOM,13:50,16:15,12:10:00,1 Stops,30/12/2021,6640
GO FIRST,VNS,BOM,13:50,16:15,11:00:00,1 Stops,30/12/2021,6640
GO FIRST,VNS,BOM,13:50,16:15,12:10:00,1 Stops,30/12/2021,6640
GO FIRST,VNS,BOM,13:50,16:15,9:40:00,1 Stops,30/12/2021,6640
GO FIRST,VNS,BOM,13:50,16:15,9:40:00,1 Stops,30/12/2021,6640
GO FIRST,VNS,BOM,13:50,16:15,12:10:00,1 Stops,30/12/2021,6640
GO FIRST,VNS,BOM,13:50,16:15,11:00:00,1 Stops,30/12/2021,6640
GO FIRST,VNS,BOM,13:50,16:15,9:40:00,1 Stops,30/12/2021,6640
GO FIRST,VNS,BOM,13:50,16:15,12:10:00,1 Stops,30/12/2021,6640
GO FIRST,VNS,BOM,13:50,16:15,11:00:00,1 Stops,30/12/2021,6640
GO FIRST,VNS,BOM,13:50,16:15,9:40:00,1 Stops,30/12/2021,6640
GO FIRST,VNS,BOM,13:50,16:15,11:00:00,1 Stops,30/12/2021,6834
GO FIRST,VNS,BOM,13:50,16:15,9:40:00,1 Stops,30/12/2021,6834
GO FIRST,VNS,BOM,13:50,16:15,12:10:00,1 Stops,30/12/2021,6834
Vistara,VNS,BOM,16:10,18:20,20:30:00,1 Stops,30/12/2021,6844
Vistara,VNS,BOM,16:10,18:20,1.00:45:00,1 Stops,30/12/2021,6844
Vistara,VNS,BOM,16:10,18:20,1.01:55:00,1 Stops,30/12/2021,6844
Vistara,VNS,BOM,16:10,18:20,6:50:00,1 Stops,30/12/2021,6844
GO FIRST,VNS,BOM,13:50,16:15,11:00:00,1 Stops,30/12/2021,6884
GO FIRST,VNS,BOM,13:50,16:15,12:10:00,1 Stops,30/12/2021,6884
GO FIRST,VNS,BOM,13:50,16:15,9:40:00,1 Stops,30/12/2021,6884
Air India,VNS,BOM,13:20,15:40,10:10:00,1 Stops,30/12/2021,6947
Vistara,VNS,BOM,16:10,18:20,16:25:00,1 Stops,30/12/2021,7054
Vistara,VNS,BOM,16:10,18:20,21:55:00,1 Stops,30/12/2021,7054
Vistara,VNS,BOM,16:10,18:20,17:30:00,1 Stops,30/12/2021,7369
Vistara,VNS,BOM,16:10,18:20,18:50:00,1 Stops,30/12/2021,7369
Vistara,VNS,BOM,16:10,18:20,1.03:30:00,1 Stops,30/12/2021,7369
Air India,VNS,BOM,13:20,15:40,1.06:00:00,1 Stops,30/12/2021,7472
Air India,VNS,BOM,13:20,15:40,21:50:00,1 Stops,30/12/2021,7892
Vistara,VNS,BOM,16:10,18:20,5:45:00,1 Stops,30/12/2021,7894
Air India,VNS,BOM,13:20,15:40,7:55:00,1 Stops,30/12/2021,8312
GO FIRST,VNS,BLR,11:10,13:30,12:40:00,1 Stops,30/12/2021,8520
GO FIRST,VNS,BLR,11:10,13:30,12:40:00,1 Stops,30/12/2021,8520
GO FIRST,VNS,BLR,11:10,13:30,12:40:00,1 Stops,30/12/2021,8520
GO FIRST,VNS,BLR,11:10,13:30,12:40:00,1 Stops,30/12/2021,8520
GO FIRST,VNS,BLR,11:10,13:30,12:40:00,1 Stops,30/12/2021,8776
GO FIRST,VNS,BLR,11:10,13:30,12:40:00,1 Stops,30/12/2021,8826
Air India,VNS,BOM,13:20,15:40,1.07:05:00,2 Stops,30/12/2021,9103
Air India,VNS,BOM,13:20,15:40,9:45:00,2 Stops,30/12/2021,9838
Air India,VNS,BOM,13:20,15:40,14:20:00,2 Stops,30/12/2021,13443
Air India,VNS,BOM,13:20,15:40,14:20:00,2 Stops,30/12/2021,14031
Air India,VNS,BOM,13:20,15:40,10:45:00,2 Stops,30/12/2021,14545
